Time,Nome,Usuario,Texto,Data,topicos,Stop words
Fluminense,guimarãess,@guimaffc,"merece fluminense fudido 2019, 2009, 2017, 2018, 2024",2026-03-19 19:03:32,,"tu, o, de"
Flamengo,𐙚 jessi • arirang,@yoonbg7,"flamengo 20h comeback arirang 01hr, army flamenguista hoje soltando fogos!!!",2026-03-19 19:03:30,,"e, tá"
Flamengo,CFD - Futebol e Fantasies,@CFD_Oficial,": rossi; emerson royal, léo ortiz, léo pereira alex sandro; pulgar, jorginho arrascaeta; luiz araújo, samuel lino pedro. : marcelo rangel; marcelinho, marllon, tchamba kayky almeida; picco, zé ricardo, patrick paula vitor bueno; jajá alef manga.",2026-03-19 19:03:30,"Flamengo, Remo","e, e, e, e, de, e, e"
Flamengo,DECO SRN,@Deco_SRN,flamengo remo escalados!,2026-03-19 19:03:27,,e
Flamengo,Deivede,@Deivede73,indo ver flamengo remo porque nunca vou saber quando vou poder ver jogo remo novo hino remo bonito quero arranjar camisa remo porque foda flamengo vou torcer pro remo brincadeira bora flamengo leo jardim,2026-03-19 19:03:24,,"e, eu, um, do, de, e, por, que, o, do, é, e, por, que, eu, uma, do, e, se, o, do"
Flamengo,Cadu Azevedo,@caduazvdo,cbf quer salvar flamengo libra,2026-03-19 19:03:24,,"a, o, da"
Grêmio,Central Cartola,@central_cartola,brasileirão - 7ª rodada: bola rolando grêmio 0x0 vitória,2026-03-19 19:03:23,,
Grêmio,Felippe Garcia,@Garcia_Itaipu,camisa horrenda grêmio.,2026-03-19 19:02:37,,"que, do"
Grêmio,Iago Ferreira,@arquiteto_iago,começou! grêmio vitória estão campo.,2026-03-19 19:02:37,,"e, em"
Flamengo,Sankin,@SankinBR,"novos investimentos ou nao n impede nada dividir igualmente os lucros atuais novo sua jamanta animal, flamengo n vai ganhar msm q fluminense ou q remo, flamengo vai ganhar mais, só n vai ganhar 15 x mais",2026-03-19 19:02:37,,"em, e, de, o, o, o"
Flamengo,AdoniasRdeCNeto,@AdoniasRdeCNeto,"palmeiras ligar sac cbf. comprou campeonato entregaram pro flamengo, segundo sua teoria.",2026-03-19 19:02:37,,"o, tem, que, no, da, o, e, foi, a"
Fluminense,Anderson,@andrssonaraujjo,"fluminense conseguiu tomar gol victor luís, resume muito clássico",2026-03-19 19:02:37,,"o, do, isso, o, que, é, o"
Grêmio,Luiz Filipe Macedo,@lzfmacedo,"entendo importância financeira, mas podia ter diretriz proibindo patrocínio master pra poder deixar frente camisas futebol bem lisinhas grêmio hoje patrocínio master espetáculo",2026-03-19 19:02:37,,"a, uma, a, das, de, essa, do, sem, tá, um"
Flamengo,Ponci,@vitor_ponciano,po cara vdd 5 jogos maracanã mês você n for sócio pagar 1/2 vasco - r$ 50 flamengo - r$ 60 athletico - r$ 45 vasco - r$ 60 atlético mg - r$ 45 total - r$ 260 for inteiras r$ 520 for sócio 160 sócio + 60 vs vasco 220 só ingresso fica foda pro clt,2026-03-19 19:02:37,,"de, no, no, se, e, se, de, se, do, de"
Flamengo,TETRACAMPEÃO,@brunoestevaocrf,esses times mais modestos adoram dar vida contra gente pra vender caro derrota dps abrem as pernas pros outros adversários kkk foda flamengo. mas vamos vencer,2026-03-19 19:02:37,,"a, a, a, e, é, ser, o"
Flamengo,alicia ᶜʳᶠ,@clickd99,"muito isso, vei, não sei flamengo aguenta",2026-03-19 19:02:37,,"se, o"
Corinthians,Fiel Cartoon • Comissões Abertas •,@FielCartoon,daqui pouco corinthians campo!! chapecoense x corinthians campeonato brasileiro - 7ª rodada 21h30 arena condá amazon prime video,2026-03-19 19:02:37,VaiCorinthians,"a, tem, em"
Flamengo,@CRF News,@CRFNews1895,"nosso time gente campo! confira flamengo enfrentar remo, pelo brasileirão!",2026-03-19 19:02:37,"escalação, FLAxREM","é, a, em, a, do, para, o"
Vasco,GIOVANE DOS SANTOS,@Giovane170,só estou vendo ou vocês também?? vários flamenguistas fazendo vídeos falando bem torcida vasco kkkkkkkkk quer ganhar engajamentos mas está tranquilo torcida vasco braba mesmo,2026-03-19 19:02:37,,"é, eu, que, isso, da, do, eles, a, do, é"
Corinthians,A.netinha REVOLTADA,@AnnetteCarvalh4,"deus, pfv deus faça corinthians ganhar cumeiras f0der sempre",2026-03-19 19:02:37,,"o, e, o, se"
Grêmio,Rafael Targanski,@RTarganski,não parece camisa grêmio longe sequer parece tricolor. crime clube deixou new balance fazer,2026-03-19 19:02:37,,"que, é, a, do, e, de, ser, é, um, o, que, o, a"
Cruzeiro,ϟ,@sexccism,"salve dono cruzeiro! saravá, seu tiriri.",2026-03-19 19:02:37,,"o, do"
Palmeiras,PLACAR,@placar,clássico! são paulo palmeiras trocam farpas antes clássico pelo brasileirão,2026-03-19 19:02:37,,"é, e, de"
Grêmio,Grêmio News,@canalgremionews,grêmio confirma promoção cinco jovens ao elenco principal,2026-03-19 19:02:37,,"a, de"
Flamengo,Marquinhos Assunçãoᶜʳᶠ,@MarquinhosAssu2,"arbitragem definida ! comissão arbitragem cbf, confirmou nome árbitro pernambucano rodrigo josé pereira lima comandar corinthians x flamengo, domingo, 20:30 horas neo química arena.",2026-03-19 19:02:37,,"a, de, da, o, do, de, para, na"
Flamengo,Bruno Lemos,@Lemos_Santos,flamengo confirmado escalado luiz araújo entre os titulares. samuel lino pela segunda vez consecutiva como titular. pedro também segue mantido entre os titulares pela quarta partida entres os tirantes era jardim. paquetá começará como opção banco reservas.,2026-03-19 19:02:37,,"e, com, na, no, de"
Flamengo,José Tomás Fernández Pumarino,@fernandez_puma,"formación confirmada agustín rossi (); emerson royal, léo ortiz, leo pereira, alex sandro; erick pulgar (), jorginho (); giorgian arrascaeta (); luiz araújo, pedro guilherme y samuel lino. dt: leonardo jardim ().",2026-03-19 19:01:37,Flamengo,"de, de"
São Paulo,Antonio Morgado,@Antonio04454934,racista fdp nessas merdas são paulo vota bolsonaristas golpista covarde,2026-03-19 19:01:37,,"é, que"
Santos,Cezar Mateos,@CezarMateo21649,só lembrando ninguém queria assumir santos após saída kleber xavier.,2026-03-19 19:01:37,,"que, o, a, do"
Santos,victorbrreto.,@barreto_v99,"porra , santos vai eliminado pelo athletic",2026-03-19 19:01:37,,ser
Corinthians,Felippe SFC,@Felippe_x0,"ainda chorando fdp? vai torcer pro corinthians doente, parece criança mimada",2026-03-19 19:01:37,,"tu, tá"
Palmeiras,Statham Cabeludo,@JasonCabeludo,todos fazem. mas palmeiras faz muuuuuuito mais… desde as entrevistas abel até “protocolo weverton” time grito,2026-03-19 19:01:37,,"o, do, o, é, o, do"
Grêmio,Thiago Schönhof,@tschinoff,coisa horrível fonte dourada camisa grêmio,2026-03-19 19:01:37,,"que, essa, da, do"
Santos,NPOMV | Zine,@npomvtt,"faz tudo! kauê penna (santos bravos) comentou cover jaehyun (boynextdoor) postou ""menina vermelho"". ""incrível brother, muito bom poder te ajudar pronúncia orgulho"".",2026-03-19 19:01:37,,"ele, no, que, de, de, com, a, que"
São Paulo,pie roan ⋆,@jaovampire,"ingresso pra mim dia 21/03 uni? moro são paulo, tenho roupa mas não tenho ingresso",2026-03-19 19:01:37,,"um, no, em, a, o"
Palmeiras,Hugo Bertovi,@HBertovi,"opção mais provável, roubo favor palmeiras",2026-03-19 19:01:37,,"tem, a, a, do"
Flamengo,versão masculina da Lolly Vômito,@sportstanx,os times mais ladrões mund dps flamengo,2026-03-19 19:01:37,,"do, do"
Santos,gurgel,@orenangurgel,meu sonho afilhado hytalo santos,2026-03-19 19:01:37,,"ser, do"
Santos,É O TUBAS #SAFnoSantos,@Santao1912,"hora almoço pensando como seria vida santos tivesse presidente ama clube, trabalhe brigar títulos voltar crescer",2026-03-19 19:01:37,,"eu, na, do, em, a, se, o, um, que, o, que, para, ele, por, e, a"
Grêmio,João,@joaoandrade42,maldição todo jogo grêmio narrado pelo dan dan,2026-03-19 19:01:37,,"que, é, essa, que, do, é"
Vasco,Jorge Nicola,@jorgenicola,"ao vivo: timão, fla, verdão, sp, zêro, galo, vasco, santos, flu, bota, grenal, mercado, lusa+",2026-03-19 19:01:37,,
Corinthians,JULIO CAPALBO,@KING_CAPALBO,"conmebol libertadores sorteio 2026. os grupos fases, seus nomes três clubes, jogos, corinthians-tetracampeão copa brasil? , , .",2026-03-19 19:01:37,"Libertadores, CopaDoBrasil, Conmebol, Brasileirão2026","a, da, do, em, de, dos, de, dos, do, da, do, e"
Fluminense,JVzada,@JVguimaraesb21,"jogador vale 20 fluminense vende 10 jogador vale 15 fluminese vende 5,5 jogador vale 10 fluminense vende 1 + metas jogador nunca bate muito amaradorismo ! muita canalhice!! fora abutres!!",2026-03-19 19:01:37,,"que, o, é, é"
Flamengo,JcFlamengo,@flamengo_jc,chegou hora flamengo dar troco palmeiras kkkk,2026-03-19 19:01:37,,"a, do, o, no"
São Paulo,bê pontes,@gato__comunista,como vocês moram são paulo.,2026-03-19 19:01:37,,em
Palmeiras,Catão,@carlosedcatao,posso falar mesmo erro copa brasil pênalti eo caleri tava impedido eo palmeiras eliminado! sim pior erro história var pois as imagens sumiram!,2026-03-19 19:01:37,,"o, do, da, do, que, na, foi, foi, esse, foi, o, da, do"
Grêmio,Filipe,@filipe_lohn,opinião impopular! nem parece grêmio uniforme aí.,2026-03-19 19:01:37,,"o, com, esse"
São Paulo,Juliana,@julianaasouza9,"vendo meus ingressos lollapalooza 2026 lolla day • 20 21 março • meia entrada aceito cartão pix. me chama whatsapp tags: vendo, compro, vendo, ingresso, lolla, festival, são paulo, sexta, sábado,",2026-03-19 19:01:37,,"e, de, e"
Santos,PELÉ o maior jogador da história O Rei do Futebol,@santista1963,"clube desgraça, odeio demais santos, desejo tudo ruim pra merda clube, seja rebaixado denovo nunca mais volte pra série a, lugar desse timeco pequeno insignificante série b, anunciaram estuprador, larguei mão, foda santos.",2026-03-19 19:01:37,,"esse, é, uma, eu, o, de, essa, de, que, e, o, e, é, na, um, de, que, se, o"
Botafogo,Mazinho,@Mazinho0206,parecendo goleiro botafogo kk,2026-03-19 19:01:37,,"tá, o, do"
Vasco,lz,@lzmenz,"beleza mosaico ucrânia feito pelos *espectadores* tricolores devido ao espaço vazio seto, já te incomodou fato disso ou ainda chorando pensando vasco?",2026-03-19 19:01:37,,"e, o, da, no, o, tá, no"
Vasco,Michael the Jackson,@saudino0,"música cantada antes primeiro gol, momento empate virada era ""dale meu vasco""",2026-03-19 19:01:37,,"essa, foi, do, no, do, e, da"
Flamengo,mavis. ❦,@cellvamp,acho meu look amanha será blusinha cunt flamengo,2026-03-19 19:01:37,,"que, de, uma, do"
Flamengo,Nicki Magaj,@sepay1914,raaaaaaaaaaaaaaaaangeeeeeeel faz mais defesa espetácular salvando novamente remo placa : flamengo 20 x 0 remo,2026-03-19 19:01:37,,"uma, o, o"
Flamengo,Maxi Boeing,@Maxi_Boeing,"flamengo não recuou nada, tentando ir atrás dinheiro lfu usando cbf, pediu reunião pra “unificar” as ligas. kkk fingindo santo os outros clubes libra pra tentar abocanhar parte lfu . os malandros acham ninguém está vendo kkk",2026-03-19 19:01:37,,"tá, do, da, a, que, uma, tá, de, com, da, a, da, que"
Palmeiras,Stif,@stifthunder,culpa sua q começou akele discurso covarde contra palmeiras ano passado seu bosta,2026-03-19 19:01:37,,"a, e, o"
Corinthians,inês | tetra,@brecoliars,"merda desse jogo corinthians sendo 21h30 prime video ainda, ai mereço mesmo",2026-03-19 19:01:37,,"essa, do, e, na"
Santos,dudisz,@BortolinEduarda,odeio santos futebol clube me recuso assistir qualquer jogo desse time maldito enquanto jack for treinador,2026-03-19 19:01:37,,"eu, o, e, a, o"
Santos,Manoela Duarte,@ManoelaDuarte_,"mas partir momento time continua deixando acontecer, sim. você citou caso anos atrás, santos contratou momento atual. enquanto garrincha já nem está mais entre nós, santos segue jogador homenageou jogador condenado estupro coletivo",2026-03-19 19:01:37,,"a, do, que, o, isso, um, de, o, no, o, com, um, que, um, por, e"
Flamengo,jv ᶜʳᶠ,@jvzncrf_,vamoooooos porraaaaaa pra cima deles flamengooooooooooooo,2026-03-19 19:01:37,,
Palmeiras,Tio Carlos,@tiocarlos1951,incrível como palmeiras sempre vilão pra imprensa,2026-03-19 19:00:37,,"o, é, o"
Palmeiras,Palpitagem F.C.,@PalpitagemFC,fui 2 x 0 pro palmeiras errei todos os outros,2026-03-19 19:00:37,,"eu, de"
Flamengo,Remista Realista,@RemistaRealista,remo x flamengo campeonatos brasileiros: 5 jogos 3 vitórias remo 2 vitórias flamengo hoje leão busca ampliar vantagem enquanto equipe carioca tentará igualar confrontos,2026-03-19 19:00:37,SérieA2026,"em, do, do, o, a, a, se, nos"
Flamengo,NEGA R4N9EL,@negarangel13,quando são paulo discurso outro! ah fosse flamengo!,2026-03-19 19:00:37,,"é, com, o, o, é, se, o"
Corinthians,Crônica Alvinegra,@cronicaalvinegr,"dilui contrato salário (obviamente) reduzido. patrocinadora paga salário integral corinthians paga dívida num contrato 24 meses. cancela asneira metas, vai ganhar bicho igual todo mundo. não quiser só entrar fila dia gente paga",2026-03-19 19:00:37,,"no, com, um, o, e, o, a, de, essa, de, se, é, na, que, um, a, e"
Fluminense,Tiago Dias de Azevedo,@tiagoazevedo80,kkkkkkkk contra vasco fluminense só transa bumbum guloso,2026-03-19 19:00:37,,"o, o, com, o"
Flamengo,FLA DA NAÇÃO,@FlaDaNacaoDois,bom felca qnd vc vai inventar lei q proíbe ayrton lucas jogar pelo flamengo? povo quer saber,2026-03-19 19:00:37,,"ta, e, a, o, de, o, isso"
Vasco,Otaviano Louzada,@OtavianoL,"alegria vascaíno não deve comparada nenhuma outra torcida. jamais irão entender criança, escolhe vasco torcer, só ouvir história clube não pelos títulos conquistados.",2026-03-19 19:00:37,,"a, do, ser, com, que, uma, o, para, por, a, do, e"
Palmeiras,JcFlamengo,@flamengo_jc,mas quem rouba sempre num palmeiras? kkkkk,2026-03-19 19:00:37,,"é, o"
Santos,Eterno aprendiz,@Cecelo147,acho santos realmente superou todos os níveis aceitável afastou vez torcedor minimamente consciente,2026-03-19 19:00:37,,"que, o, do, e, de, o"
Internacional,Tay,@taylolxd,"mt legal assistir campeonato internacional, fico muita vontade jogar league of legends",2026-03-19 19:00:37,,"é, eu, com, de, um"
Grêmio,MIDS,@MIDS22,grêmio,2026-03-19 19:00:37,,
Cruzeiro,marininha carter,@marin4souza,cruzeiro esporte clube,2026-03-19 19:00:37,,
Santos,Sérgio Santos,@ZAMENZA,"""sonhei jendal estava meu encalço. qd não tinha mais forças fugir, príncipe guerreiro não consigo ver rosto me ""como queria acreditar nessa sua conexão sobrenatural"" duda santos érika januza boas d+.",2026-03-19 19:00:37,ANobrezadoAmor,"que, em, para, o, que, o, com, o, e"
Internacional,RT Brasil,@rtnoticias_br,"lula abraça lucía topolansky, viúva pepe mujica, cerimônia entrega título doutor honoris causa ao ex-presidente homenagem reconhece atuação mujica vida pública sua projeção internacional. leia:",2026-03-19 19:00:37,,"de, na, de, do, de, a, a, de, na, e"
Corinthians,Vitu,@Th3EvilStar,"hoje sorteio vou chutar grupo : boca, corinthians, santa fé sporting cristal.",2026-03-19 19:00:37,,"tem, o, da, o, e"
Palmeiras,André CBR,@ACBR84,onde tirando isso? só pq ano passado tiraram mão grande dois títulos coro rivais (pra não verem mais título sep) jornalista ou torcedor?,2026-03-19 19:00:37,,"da, ele, tá, na, do, com, dos, um, da"
Corinthians,Antony81,@Giopibe10,nacional corinthians junior platense,2026-03-19 19:00:37,,
Fluminense,Thales Siqueira,@Thales_s_cunha,"parece relato qualquer, mas não é. atitude certa, combinada música certa, faz jogador tirar energia onde não tem. aliás, música torcida fluminense utilizado pouco, sorte adversários, pois concordo mozer sobre ela.",2026-03-19 19:00:37,,"um, a, com, a, de, é, uma, que, a, do, tem, para, a, dos, com, o"
Flamengo,Diogo Lins,@Diogolins82,"sabe deputado você torcida flamengo sabe inconstitucional, você cria lei sabidamente inconstitucional quando stf provocado julga diz inconstitucional aí você vai vir discurso stf defende bandido. sabemos modus operante",2026-03-19 19:00:37,,"e, a, do, que, isso, é, uma, e, o, é, ele, e, que, é, com, o, de, o"
Grêmio,Cachorro Gremista 𓃥,@CachorroGremio,loucura não parece grêmio está campo esta camisa kkkkkkkkk sensação estranha,2026-03-19 19:00:37,,"que, ser, o, que, em, com, que"
Corinthians,Elyel ˢᶜᶜᵖ 2x,@elyelsccp,freguês corinthians,2026-03-19 19:00:37,,"esse, é, do"
Palmeiras,Futebol Acima de Tudo,@FutAcimadeTudo,esses caras palmeiras são muito cara pau,2026-03-19 19:00:37,,"do, de"
Santos,Marcos Cardoso,@MarcosC4502837,"concordo. risco. mas parece santos também não ninguém interessado vir. então casamento ""perfeito"".",2026-03-19 19:00:37,,"tem, esse, que, o, tem, em, é, o"
Palmeiras,Jorel777,@ronaldsousa777,"palmeiras precisa voltar urgentemente voltar joga série b, só assim chatice acabar vez",2026-03-19 18:59:37,,"a, a, para, essa, de"
Santos,analu d’padilha,@girrlpunk,"tenho ódio tipo gente, porque não sabem exercer sua fé cuidar seu espiritual, precisam pregar contra outras religiões troco nada, demonizar nossos santos entidades troco nada, tomara exu quebre os dedos dessa vagabunda mentirosa",2026-03-19 18:59:37,,"eu, um, por, esse, de, eles, e, do, eles, a, de, e, a, de, que"
Grêmio,HIGOR,@Fute_RS,"sorteio grupos copa sul americana 2026 começa às 20h transmissão espn, grêmio cabeça chave",2026-03-19 18:59:37,,"dos, da, e, tem, da, é, de"
Fluminense,Leonardo Moraes,@LeodeMoraesPR,preparados possível mudança data paraná x nacional seria domingo dia 05/04? nessa mesma data coritiba enfrente fluminense couto!,2026-03-19 18:59:37,,"para, uma, de, de, que, o, o, no"
Palmeiras,Jailton Franco,@jailtonfranco7,"engraçado torcida insultou abel ferreira leila( tiraram palmeiras merda) saindo defesa marlon. veremos até quando. pois aqui rj, nossa torcida não cerca jogador sua família pra ameaçar forma covarde.",2026-03-19 18:59:37,,"o, é, a, que, o, e, a, que, o, da, em, do, no, com, de"
Palmeiras,caioooo,@blzanii,"todo jogo mimimi vocês. bom diretoria palmeiras parou omissa, querem ficar jogando picuinha internet, vão receber também!",2026-03-19 18:59:37,,"tem, de, que, a, do, de, ser, na"
Santos,Rafael,@Rbreier01,quis dizer contra,2026-03-19 18:59:37,,"ele, o"
Flamengo,FlamenGOL,@FlamenGOL_81,saiuuuu escalação flamengo x remo - 20h qual seu palpite?? me: 4 0 malvadão,2026-03-19 18:59:37,,"a, para, a"
Flamengo,naogostomasétri,@naogostomasetri,"mínimo, acontecem 3 ou mais episódios violência, depredação racismo naquelas bandas. mas imprensa salmoneira rs passa panos quentes pra tudo. os bastidores aterro são nível flamengo pccorinthians quando trata extra campo.",2026-03-19 18:59:37,,"no, de, e, a, do, do, do, do, e, do, se, do"
Flamengo,Pedro | Apostas e Palpites,@APalpites,"corinthians não vence há 3 rodadas sequência não será fácil: flamengo, fluminense, internacional palmeiras. ou seja, precisa pontuar arena condá chapecoense invicta como mandante, mira afastar z4 fator casa como maior aliado brasileirão.",2026-03-19 18:59:37,,"e, a, e, na, se, do, e, tem, o, no"
Corinthians,Pedro | Apostas e Palpites,@APalpites,você precisa ficar olho mercado cartões chapecoense x corinthians.,2026-03-19 18:59:37,,"de, no, de, para"
São Paulo,"Frankito, o Curioso®",@WeiseFranklin,"interessante são paulo não ruas homenagem ao gv. propósito, fato fgv ficar 9 julho severas irônico.",2026-03-19 18:59:37,,"que, em, tem, em, a, o, de, a, na, de, é"
São Paulo,andrew,@pjlandrew,"lixo sempre menciona jogo pra vitimizar, sendo que: ganharam arbitragem prejudicando são paulo dentro morumbi vocês são cínicos pra crl, torcida filho puta",2026-03-19 18:59:37,,"esse, esse, se, com, a, o, do, de, da"
Corinthians,Pedro | Apostas e Palpites,@APalpites,não faça nenhuma aposta chapecoense x corinthians antes ler pesquisei. explico aqui embaixo porque mercado específico vale sua atenção.,2026-03-19 18:59:37,,"em, sem, o, que, eu, tem, um, que, a"
Internacional,O Véio do Agro,@veiodoagro,"azar seu também. vai viver ar? vai vestir roupa plantando seu próprio algodão? setor atrasado sendo referência internacional tema? ok, você só quer contra. sobre pib deixo site ibge pra vc ler refletir.",2026-03-19 18:59:37,,"é, de, no, ser, do, o, o, do, e"
Vasco,o fravinho do BF,@fravenriq,"marlon freitas parmera, savarino fru, cuiabano vasco agora athur jorge botafoguense tão desgraçado q ctz q teve aquele 2024 glória só pra poder passar raiva 2026",2026-03-19 18:59:37,,"no, no, no, e, no, o, é, de, essa, em"
Flamengo,cerriseven,@imsyren_,literalmente qualquer coisa só muda flamengo aceitar. brasil nenhum outro clube tamanho poder,2026-03-19 18:59:37,,"se, o, no, tem"
Palmeiras,Renan,@palestraiT14,"palmeiras respondeu sp, quem nao tira quem boca? nao fode, bambi merda! vai sentar colo outro morumbi final semana?",2026-03-19 18:59:37,,"o, o, da, de, um, no, do, no, de"
Flamengo,Ju Buonarroti Picasso Santi Alighieri da Vinci,@PicassoJu,"contra flamengo tudo possível!!!!!!! permitido time ganhar série b dizer dono série enquanto outros times ganham dois títulos mesmo ano, não pode acontecer contra nós?",2026-03-19 18:59:37,,"o, é, se, é, a, e, que, é, da, a, no, o, que"
Corinthians,ℒuís ℛenato,@femonemal,fazendo caminhada vai corinthians,2026-03-19 18:59:37,,uma
Palmeiras,Statham Cabeludo,@JasonCabeludo,postura covarde hipócrita anderson barros… síntese palmeiras,2026-03-19 18:59:37,,"que, e, do, do, que, é, ser"
Flamengo,Marquinhos Assunçãoᶜʳᶠ,@MarquinhosAssu2,flamengo escalado leo pereira pulgar pendurados confirmados luiz araujo titular.,2026-03-19 18:59:37,,"com, e, e, com, de"
Grêmio,MateusVR,@mateusveerre,"camisa grêmio ficou muito descaracterizada, vai demorar pra acostumar.",2026-03-19 18:59:37,,do
Cruzeiro,Deego,@Diguegoeu,gostava cruzeiro muito louco (sei nem era nome),2026-03-19 18:59:37,,"eu, de, um, se, esse, o"
Flamengo,Lucas Sernajoto,@LucasSernajoto,flamengo bom demais!!!,2026-03-19 18:59:37,,"ser, é"
São Paulo,Carla Sampaio,@Carlasampaio78,aposto nordeste pq são paulo negócio triste,2026-03-19 18:59:37,,"que, é, no, o, é"
Flamengo,Allan Costaᶜʳᶠ,@Falatu_Allan,"pra cima deles, flamengo!",2026-03-19 18:59:37,,
Grêmio,mimin ’ ¹⁹⁰³,@mimindogremio,uniforme grêmio espetáculo,2026-03-19 18:59:37,,"esse, do, tá, um"
Grêmio,Duh,@duhbvb,bah camisa grêmio até bonita mas fica meio estranho transmissão vendo longe,2026-03-19 18:58:37,,"essa, do, que, é, na, de"
Grêmio,Luiz Filipe Macedo,@lzfmacedo,grande questão é: as camisas ano passado já estão baratinhas grêmio mania?,2026-03-19 18:58:37,,"a, do, na"
São Paulo,JaqueTAEL-,@Taelforever2,"chato fazem…sempre assim, choram semana toda! mais bizarro são favorecidos estão questionando direito são paulo reclamar! loucura isso!",2026-03-19 18:58:37,,"o, que, eles, a, o, é, que, eles, e, o, do, de, que"
Flamengo,F.R Tetra,@asteristicorj,pra ter conversa inaceitável algum clube brasil ganhar mesma coisa flamengo.,2026-03-19 18:58:37,,"é, do, a, que, o"
Flamengo,Riuler,@1921riuler,"venderam libra como liga exemplo, todo dia tinha nota jornalista determinada emissora libra ruiu abandono clubes, filho ministro comecou ameaçar clubes, agora flamengo tomou frente incrivelmente, cbf quer organizar liga apoio",2026-03-19 18:58:37,,"a, a, de, de, a, com, o, dos, de, a, e, o, e, a, uma, com"
Flamengo,Filipinho,@OliverFelipee,"banho tomado, cerveja gelando, agora só esperar hora pra passar raiva flamengo",2026-03-19 18:58:37,,"a, com, o"
Corinthians,Victor Ribeiro,@vyctor68,corinthians nacional rosário central tolima,2026-03-19 18:58:37,,
Internacional,MarceLLLo ♱ ؘ,@mac_nascimento,"total, jogo ruim sim, mas tão pedindo cabeça time 1 mês envy junto, fúria primeiro internacional tb mal , mantiveram projeto depois mostraram evolução",2026-03-19 18:58:37,,"o, foi, a, de, um, que, tem, com, a, no, foi, o, e, eles"
Flamengo,Mengo Cria,@mengocria_,"west ham united segue monitorando léo pereira avalia investida meio ano. flamengo, porém, mantém posição firme: só negocia titular mediante pagamento multa, casa 60 milhões euros. valor considerado alto pelo clube inglês, que, enquanto,",2026-03-19 18:58:37,,"o, e, uma, no, do, o, o, da, na, dos, de, o, é, por"
Palmeiras,aaaquaarioˢᵉᵖ,@aaaquaario,quando pegou palmeiras tremeu mais batedeira velha todos temem colossal,2026-03-19 18:58:37,,"o, que, o"
Grêmio,MayconGamesSoccer,@maycom1981,bola rolando! grêmio x vitória,2026-03-19 18:58:37,"GRExVIT, Brasileirão2026",
Fluminense,Lz News Flu | Igor Lanzinni,@igorlznews,"sobre jogo: até os 20 minutos etapa final, fluminense dava aula vasco, mas futebol imprevisível. encontraram gol num lance bobo renê, torcida inflamou vasco buscou virada. futebol cruel; ontem sentimos pele dureza desse esporte.",2026-03-19 18:58:37,,"o, da, o, uma, no, o, é, eles, um, do, a, e, o, a, o, é, na, a"
Flamengo,Igor D.,@Igordias201,"me explica comp vai vender bem, time flamengo feito pra campeão agora?",2026-03-19 18:58:37,,"se, o, do, foi, ser"
Botafogo,WiliamFla10,@WiliamFla10,"anderson, quem começou falar sobre seu técnico. aliás, falou antes mesmo jogo contra botafogo. rui apenas respondeu algo vocês instauraram mas aí abel 2 semanas falando desse jogo .. sabendo teria clássico próximas",2026-03-19 18:58:37,,"a, isso, foi, do, o, que, isso, e, ta, a, que, o, nas"
Grêmio,cassi,@whoisthecassi,vamo grêmio!,2026-03-19 18:58:37,,
Fluminense,Nicolas Souza,@nicolassouza2,adm fluminense fica igual adolescente esses cara batem palma kkkkkk dá nem pra levar sério,2026-03-19 18:58:37,,"do, e, a"
São Paulo,gabriela,@rochpgabi,to indo pra lugar tudo tão parado estivesse indo pé iria mais rápido and this is são paulo,2026-03-19 18:58:37,,"um, e, tá, que, se, eu, a"
Flamengo,Davidᶜʳᶠ ᕦᕤ,@JustDavid3103,flamengo lanus quicombo unido barcelona você viu pela primeira vez aqui,2026-03-19 18:58:37,,
Palmeiras,jean andrade,@jeanand59571831,vamos lá 2021 palmeiras campeão libertadores (eliminando sp) 2022 palmeiras campeão brasileiro (bateu são paulo morumbi) 2023 novo campeão brasileiro (massacre returno 5x0) 2024 palmeiras tricampeonato paulista 2025 ganhamos todas sp 2026 denovo… vai falando.,2026-03-19 18:58:37,,"da, o, o, no, de, no, do"
Grêmio,Andre_SilvaRS,@Andre_SilvaRS,nadadores grêmio náutico união dominam segunda etapa brasileiro águas abertas …,2026-03-19 18:58:37,,"do, do, de"
Vasco,Danilo Felix,@dansfelix,"concordo mas minha única ressalva seguinte: sim, torcida grande clássico tb ganha jogo. vasco não teria virado ter 70% estádio favor.",2026-03-19 18:58:37,,"é, a, em, sem, do, a"
Palmeiras,Rafael Emiliano AVANTE MEU TRICOLOR,@rafaelemilianoo,"escalação clássico: lateral ainda dúvida clássico roger começa decidir sobre substituto lucas são paulo realizou nesta quinta-feira (19) primeiro dois treinos foco clássico contra palmeiras, será disputado morumbi partir 21h (de",2026-03-19 18:58:37,,"para, o, é, para, e, a, de, o, o, de, com, no, o, que, no, a, das"
Botafogo,Billy,@BillyAlves4,"vc só piora kkkk antes parmalat existir palmeiras batia frente c santos pelé c botafogo, tava sendo campeão nacional,enquanto seu time fugia campo vivia carioca .",2026-03-19 18:57:37,,"de, o, de, de, e, o, e, isso, de, e, de"
Palmeiras,Mary,@_MaryXD,me chamarão pé frio me mandarão torcer palmeiras,2026-03-19 18:57:37,,"de, e, para, o"
Fluminense,𝐆𝐢𝐥𝐞𝐚𝐝𝐞 𝐌𝐚𝐢𝐚 (gile),@principe_1991,kkkk fluminense botafogo muito aleatório alí meio,2026-03-19 18:57:37,,"e, no"
Flamengo,Leandro filho do pai e OCTA,@Leandro86367945,vamos paqueta banco pra cima deles,2026-03-19 18:57:37,,"com, no"
Palmeiras,Marco Bortolossoⓟ,@M_Bortolosso,"achei muito ""fofo"" resposta!! tinha mais duro, dando tapa mesa escambau! palmeiras muito prejudicado depois desse episódio campanha contra tudo mais!! são paulo acha ""coitadinho"" usado massa manobra cheirinho!!",2026-03-19 18:57:37,,"essa, que, ser, na, e, o, foi, com, e, e, o, que, se, foi, de, de, do"
Flamengo,FlaInsider_1,@FlaInsider_1,flamengo escalado crf,2026-03-19 18:57:37,,
Corinthians,gato tier,@tierlist90,kkkkkkkkkkkkk vai corinthians,2026-03-19 18:57:37,,
Vasco,João Pedro,@joaopcaldass,"neymar não jogou nada contra vasco? dizendo só fez os 2 gols (2 golaços inclusive) nada mais? assistiu jogo? aliás, vê tanto lançamento enfiada bola dá, santos não dá nada, mas seleção certeza seria mais letal?",2026-03-19 18:57:37,,"o, tu, tá, que, ele, e, tu, o, tu, o, de, e, de, que, ele, que, no, em, na, com"
Grêmio,Freitas,@geromorte,aquele link grêmio x vitória cade????,2026-03-19 18:57:37,,de
Botafogo,;),@gutlouzada,vc não falar botafogo 1 segundo heim! isso.,2026-03-19 18:57:37,,"para, de, do, que"
Corinthians,Alexandre,@Corinthianss93,falo repito quando veio corinthians merecia rebaixamento tomara time caia,2026-03-19 18:57:37,,"eu, e, para, o, que, esse"
Flamengo,Matheus Leal,@matheusleal1,flamengo escalado partida contra remo.,2026-03-19 18:57:37,,"para, a, o"
Grêmio,Ailton Junior,@AiltonJunior_93,número nesse novo uniforme grêmio simplesmente impossível ver,2026-03-19 18:57:37,,"o, do, é, de, se"
Flamengo,アレクサンドル・ジェス,@GesuAlexandre,"“qm seu primeiro amor ?” – flamengo, continua sendo sempre será.",2026-03-19 18:57:37,,"foi, o, o, ele, e"
Cruzeiro,Melhores Destinos,@passagensaereas,como planejar seu cruzeiro economizar: dicas ao vivo!,2026-03-19 18:57:37,,e
Flamengo,Pretinha ზ,@KeepCalmDhebora,flamengo entra campo daqui pouco não estou maracanã pra ver jogo.,2026-03-19 18:57:37,,"em, a, e, eu, no, esse"
Grêmio,ezequiel,@ezequielcomenta,vamo pra cima grêmio,2026-03-19 18:57:37,,
Flamengo,Junior Thomaz.,@OprimeJN1,"gabriel marco história flamengo. personificação rubro negro campo, além decisivo iluminado pra caralho. fdp fazia muita merda, mas finais, tava lá pra cravar sempre. ídolo eterno.",2026-03-19 18:57:37,,"é, um, na, do, do, em, de, ser, e, esse, em, ele"
Flamengo,Henry Hugo Ekitikeᶜʳᶠ,@marruht,"flamengo pacaralho, porra",2026-03-19 18:57:37,,
Grêmio,Arena Rubro-Negra,@ArenaRubroECV,começa jogo! grêmio x vitória transmissão ao vivo: …,2026-03-19 18:57:37,,o
Cruzeiro,Tretas Cruzeiro,@Tretascruzeiro,vou falar vez pra vc entender todas as maiores torcidas organizadas cruzeiro estao bolso pedrinho nunca nunca vao la reclamar n recebem pouco n fora os ingressos ônibus fretados alimentação nunca foram cruzeirenses verdade,2026-03-19 18:57:37,,"uma, do, no, do, e, e, eles, de"
Palmeiras,Espetacular Wilson Mateus,@arielcabeludo,"nao atoa tanso canta ""meu palmeiras, meu palmeiras"" hino, qi negativo n decepciona, savoia meu ovo",2026-03-19 18:57:37,,"e, que, o, no, é"
Flamengo,Lescaut ᶜʳᶠ,@Douglaslescaut,"tirando parte hipocrisia verde, ja abel so fala nisso coletivas, áurea 0 desse mano ai, boto seus dentes solta frase aí sim muda tudo, pq segundo imprensa sp foram as frases boto fez flamengo ganhar kkk",2026-03-19 18:57:37,,"a, da, que, é, o, que, nas, com, uma, e, a, de, do, que, o"
Grêmio,Betzy | AI Goal Intelligence,@BetzyBets,grêmio vs vitória brasileirão betano betzy ai tracking live — instant goal alerts for premium.,2026-03-19 18:57:37,"Football, Grmio, Vitria",
Flamengo,Luiz Gustavo,@luizgcm18,"royal luiz araújo entre os titulares, flamengo escalado enfrentar remo.",2026-03-19 18:57:37,,"com, e, o, para, o"
Flamengo,FlaUruguai,@edneydenis,"exatamente oq vc ouviu. fim contas formação liga vai depender flamengo, vc gostando ou não.",2026-03-19 18:57:37,,"no, das, a, da, do"
Cruzeiro,Sassa,@Sasamsb,"oxe!! sou comum! amo maquiagem, inclusive sou maquiadora! louca cruzeiro!",2026-03-19 18:57:37,,"eu, e, com, o"
Santos,Alan,@Alan_Pavanetti_,"ate nisso santos perde, pior pagina mil grau clubes",2026-03-19 18:57:37,,"o, tem, a, dos"
Grêmio,FILIPI,@filipidosreis3,"bola rolando grêmio x vitória pelo campeonato brasileiro 2026. vamos, grêmio!!! dá-lhe tricolor!!!",2026-03-19 18:57:37,"Grêmio, Futebol, DiaDeGrêmio, Brasileirão2026",para
Grêmio,Antoniofbpa,@Antonio1903_,manda figu aí grêmio fazendo favor,2026-03-19 18:57:37,,"umas, do"
Santos,@CasalRN81,·,"você quer comparar neymar horroroso time santos, neymar seleção brasileira??? abra mente venê!!!",2026-03-19 19:03:37,,"no, do, e, na, a"
São Paulo,gabs,@gfelps_jk,"voltando pra são paulo, só n vou me matar pq estou voltando pro lolla",2026-03-19 18:56:37,,
Flamengo,Choque Rubro Negro,@ChoqueRN,flamengo escalado duelo contra remo.,2026-03-19 18:56:37,,"para, o, o"
Grêmio,HIGOR,@Fute_RS,começou brasileirão série 2026 7º rodada grêmio 0 x 0 vitória,2026-03-19 18:56:37,,a
Palmeiras,Alessandro Tsv,@LeonidesAl61140,"começar organizar dentro . seu abel ferreira começou campeonato falando jogo,são paulo x palmeiras 2025 pelo ontem falou",2026-03-19 18:56:37,,"de, o, do, de"
Botafogo,Era Um Dia 30 Como Esse ★彡,@ThiagoSouzaMac5,"os torcedores reclamam dinheiro veio pra cá. os torcedores reclamam dinheiro pra lá. resumindo textor sumiu dinheiro, fudeu todo mundo deixou todo mundo duro.",2026-03-19 18:56:37,,"do, que, o, do, que, o, foi, o, com, o, e"
Corinthians,𝐍𝐀𝐂𝐈𝐎𝐍𝐀𝐋,@bolsocampeon899,nacional corinthians santa fe sporting cristal,2026-03-19 18:56:37,,
Santos,✮ ✮ ✮ ✮ ✮,@twilightini,"acho uó. os dois lados tão atacando fav outro, como toda treta divas pop, mas sempre sobra apenas pros tinistas. santos não somos, sabemos, mas né, nenhum é. gera impacto quantidade maior tinistas existem mesmo",2026-03-19 18:56:37,,"isso, o, a, do, em, de, e, o, que, é, a, de, que"
Grêmio,CFD - Futebol e Fantasies,@CFD_Oficial,bola rolando arena: grêmio x vitória,2026-03-19 18:56:37,,na
Palmeiras,Paulo Onobre,@PauloOnobre2021,"método são paulo, desde os anos 40, palmeiras só rebateu.",2026-03-19 18:56:37,,"do, o"
Vasco,Camarada Betão,@apenas_Beto,processo apequenamento vasco tragicômico.,2026-03-19 18:56:37,,"o, de, do"
Flamengo,wellsy,@almostgris,"real maioria ali nem sequer procurou saber detalhes, já estão acostumados contrariar tudo flamengo faz",2026-03-19 18:56:37,,"a, é, que, a, dos, é, que, a, que, o"
Internacional,A BOLA,@abolapt,liga europa: confira os jogos quartos final eventuais meias-finais leia aqui:,2026-03-19 18:56:37,"futebol, internacional","dos, de, e"
Flamengo,wellsy,@almostgris,akajakalkajajkak ficou cambada presidente clube imprensa chorando acabou flamengo tinha razão (obviamente),2026-03-19 18:56:37,,"uma, de, de, e, da, e, que, o"
Grêmio,memes futebolisticos. - vito,@Mfutebolisticos,silêncio começou grêmio x vitória vai tomar c chorume grêmio,2026-03-19 18:56:37,,"que, no, do"
Grêmio,Guaíba Esporte,@GuaibaEsporte,"bola rolando! começa, arena, grêmio x vitória, partida válida pela sétima rodada brasileirão. fm | app",2026-03-19 18:56:37,,"na, do"
Grêmio,𝗧𝗵𝗮𝗻𝗼𝘀,@othanosbr,começou arena grêmio grêmio x vitória,2026-03-19 18:56:37,Brasileirão2026,"na, do"
Flamengo,edson Silveira Itajai,@edsongeraldoSi3,"vermelho, sangue! preto, raça! grupo, união! terceira final libertadores sub-20 seguida os garotos ninho! domingo, vamos mais vez busca glória eterna! vamos, flamengoooooooooooooo",2026-03-19 18:56:37,,"no, no, no, de, para, do, uma, em, da"
Botafogo,FogãoNET ★彡,@fogaonet,"jogadores botafogo reúnem, reforçam confiança trabalho apoiam martín anselmi",2026-03-19 18:56:37,,"do, se, no, e"
São Paulo,Marco Maccaronni,@MaccaMarco94900,"""amigo ... tudo post tipo resposta seguidor seita, não consegue apontar nada bom prático. nem formado é. educação: estudou direito universidade são paulo (usp), mas não concluiu curso. currículo dele ""blá blá blá"" só engana trouxas",2026-03-19 18:56:37,,"isso, por, no, é, de, de, de, na, na, de, o, é, que"
Grêmio,Rádio Grenal,@rdgrenal,00'/1° - começa partida! 0 x 0 campeonato brasileiro 2026,2026-03-19 18:56:37,"Grêmio, Vitória",a
Flamengo,Flamengo | Coluna do Fla,@ColunadoFla,"flamengo escalado | samuel lino entre os titulares, leonardo jardim define time confronto contra remo, às 20h, maracanã.",2026-03-19 18:56:37,,"com, o, para, o, o, no"
Palmeiras,SPFC SEMPRE,@SPFC_633,"quando perdemos bola nunca teve chororo, mas vcs precisam homens admitir tivemos 3 jogos recentes lances escandalosos favor palmeiras",2026-03-19 18:56:37,,"na, ser, e, que, com, a, do"
Grêmio,tai,@taipdsgn,uniforme novo grêmio = arte pura,2026-03-19 18:56:37,,do
Flamengo,Maria Júlia é TETRACAMPEÃ DA AMÉRICA,@majubraz3,"mana sei, mas tô falando vi cartas, n vou mentir sobre vi, posso errada, posso, mas minha interpretação flamengo energia expulsão, tiver expulsão, pode trazer dificuldade pro jogo",2026-03-19 18:56:37,,"eu, o, que, eu, é, o, que, das, eu, que, eu, tá, foi, e, tem, de, se"
Palmeiras,Camila Alves,@camilac_alves,"palmeiras receberá vitória, às 11h domingo, allianz parque, pelo brasileiro feminino! ingressos custam r$ 10 r$ 20, oportunidade legal ver time feminino joga muito barueri. ingressos vendidos. clube passou todo jogo ontem divulgando.",2026-03-19 18:56:37,,"o, o, do, no, e, em, uma, de, o, que, em, tem, o"
Grêmio,O Grêmio ainda me mata,@ogammt,começa jogo! grêmio 0x0 vitória,2026-03-19 18:56:37,,o
Santos,HIT! Magazine,@hitmagazine_br,foto: starship entertainment booking: carol steinert texto: janeise santos chamada capa: carol steinert marcella almeida edição capa: gustavo luz,2026-03-19 18:56:37,,"de, e, de"
Flamengo,Camisa 10,@camisa10_app,flamengo mira recorde histórico brasileirão jogo contra remo; entenda leia matéria completa … baixe app camisa 10 play store!,2026-03-19 18:56:37,Flamengo,"no, em, o, a, em, o, na"
Santos,Arthur Jurídico Isiah Stewart,@FalsoBahiano,"ah vtnc, desgraçado assaltou contra santos agora vai apitar outro clássico? diretoria continua sendo piada!",2026-03-19 18:56:37,,"esse, nos, o, e, uma"
São Paulo,vit,@mcbadkarma,conceito trajeto pro aeroporto belo horizonte demorar mais voo pra são paulo,2026-03-19 18:56:37,,"o, do, de, que, um"
Grêmio,᳂,@pepsibleck,"coral peito absurdamente dourado ridículo, chama mais atenção próprio escudo grêmio. imbecil designer não sabe converter imagem pra png? pelo amor deus",2026-03-19 18:56:37,,"esse, no, é, do, que, o, do, o, do, uma, de"
Flamengo,Central do Fla,@CentralFlaNacao,"escalação flamengo jogo hoje, contra remo!",2026-03-19 18:56:37,,"essa, é, a, do, para, o, de, o"
Grêmio,Catarini,@Catarini_Gui,"grêmio tocar 3 nesse vitória hoje, vou comprar camisa nova só pra dar sorte",2026-03-19 18:56:37,,"se, o, uns, a"
Flamengo,Betano Brasil,@Betano_BR,galera confia peso camisa mengão! pedro vai deixar dele liderar flamengo maracanã pelo brasileirão betano?,2026-03-19 18:55:37,"Confia, Betano","a, em, no, do, o, e, o, no"
Santos,OCorre News,@ocorrenews,"gui santos segue empilhando elogios golden state warriors único brasileiro nba, ala exaltado pelo técnico steve kerr pelos companheiros, destacaram sua energia, alegria crescimento dentro equipe. além prestígio bastidores, gui renovou os",2026-03-19 18:55:37,,"no, na, o, foi, e, que, e, da, do, nos, com"
Flamengo,Isto és Madrid!!!,@speciallone5,"vibra estádio olímpico cidade histórica, cenas mais lindas já vi esporte…. mas jogador santiago castro, agradeço deus todos os dias flamengo não ter trago.",2026-03-19 18:55:37,,"o, da, uma, das, que, no, que, é, a, por"
Corinthians,Gazeta Esportiva,@gazetaesportiva,corinthians volta chapecó após quatro anos defende bom retrospecto,2026-03-19 18:55:37,"GazetaEsportiva, GazetaTimao","a, e"
Flamengo,Centrl do Clube do Remo¹⁹⁰⁵ #FORACONDÉ,@CentralRemo1905,ei central fala remo não ganha flamengo hoje só pra testar negócio,2026-03-19 18:55:37,,"que, o, do, um"
Cruzeiro,Fabrício Duarte,@Fabricio_d_l,"tal guilherme q macaco perfil camisa cruzeiro faz dó. quer cabeça pedrinho, quer q leve saia pq segundo nao sabe administrar nao devido ao início péssimo ano. kkkkk sempre quebrado q cobra dinheiros outros.",2026-03-19 18:55:37,,"de, um, tem, de, com, do, que, a, do, ele, e, esse, um, com, dos"
Botafogo,Victor ★彡CAMPEÃO DA AMÉRICA,@emanoelvicto777,"ponto. elenco era incrível, tão incrível os rivais até hj tentam montar pedaços dele. não vou diminuir jogador medíocre pro rival sp, mas grande parte deve seu auge(no botafogo) ao gregore, dominava meio campo, marcava dois.",2026-03-19 18:55:37,,"o, que, esse, que, foi, de, ele, em, que, o, de, e, por"
Grêmio,CAU-TE-LA,@JuarezRoth,camisa nova grêmio parece até tão bonita.,2026-03-19 18:55:37,,"a, do, a, de"
Santos,Vinz.crr,@Vinz_Crr,"diretoria vexatória, saiam santos já!",2026-03-19 18:55:37,,do
Flamengo,nell,@mojitoearp,meu pai raiva pq meu tio não sabe onde cruzeiro joga aí veio me perguntar até sabia ainda sabia flamengo,2026-03-19 18:55:37,,"com, o, ele, que, eu, e, eu, do"
Santos,juliana figueiredo,@jufigue,"halloween teve origem festas cristãs, trazidas pelos imigrantes irlandeses, período 1845. festa era chamada dia todos os santos, inglês “all hallow’s eve”, então carinhosamente chamado “halloween”. além elitista, patricinha ignorante",2026-03-19 18:55:37,,"o, em, uma, das, no, de, a, de, no, e, de, de, a, é"
Flamengo,Clara É TETRA,@clarapralon,nessa ordem: bi mundial flamengo sesc voltando ganhar superliga sfv ganhando pelo menos vnl bruno fernandes ganhando pl marc skinner fora united feminino título mundial seleção feminina futebol,2026-03-19 18:55:37,,"do, a, a, uma, uma, do, da, de"
Fluminense,Airton,@Airton1075,fluminense situação bizarra indesculpável,2026-03-19 18:55:37,,"em, e"
Vasco,val que viu a TAYLOR SWIFT,@3butterfly__01,vasco ganhando pq os jogadores colocam funk vestiário não louvor,2026-03-19 18:55:37,,"o, tá, no, e"
Flamengo,Debinha,@korranony,"vou perder jogo flamengo mesmo, vou estar estrada, chegando uauá não vai dar tempo, etc",2026-03-19 18:55:37,,"o, do, na, em"
Flamengo,Coimbra 12,@Coimbra12crf,kkkkkkkkk kings league certeza neymar joga flamengo,2026-03-19 18:55:37,,"na, que, o, no"
São Paulo,fernando mortari,@fernandohubne11,lembro quando fui ao brasil são paulo lá julho 2009 tomei sorvete kibon limão feito receita europa maravilhosa lembro até hoje gosto lembro até hoje,2026-03-19 18:55:37,,"de, em, de, um, da, de, com, uma, da, o"
Corinthians,Mala Oficial,@prmalaoficial,"sinceramente, alguém acha razoável tipo conversa grupo núcleo estudos corinthians? lamentável, mas único assunto desse pessoal bater outros.",2026-03-19 18:55:37,,"que, é, esse, de, em, um, do, de, do, o, é, nos"
Santos,Noite de Galo,@noitedegalo_,"sessão está marcada próxima terça-feira (24/3), partir 19h, região centro-sul capital mineira. processo extenso cita 13 atletas raposa 12 galo, além ambos os clubes massagista atleticano, aluizio carlos santos.",2026-03-19 18:55:37,,"a, para, a, a, das, na, da, o, é, e, da, e, do, de, e, do, dos"
Flamengo,Joy Tetra,@alvjoy_,"todo jogo flamengo fico ansiosa, tô aqui frio barriga já vestida meu manto tetra",2026-03-19 18:55:37,,"do, eu, com, na, e, com, do"
São Paulo,quem dera,@jasoucancelado,queridos este fim semana não chove são paulo! vivam!!,2026-03-19 18:54:37,,"de, em"
São Paulo,Seu Jorge,@Dionatamosley,quero morar bela vista são paulo,2026-03-19 18:54:37,,"na, em"
Palmeiras,Jovem Lobo,@Jaehaerystan,"uau. tenho certeza os torcedores inter, palmeiras quem mais tivesse disputando título choram mesmo jeito. as mesmas lágrimas. não falou nada outra, acha mesmo são paulo não teve 1 único erro arbitragem nesse tricampeonato? pqp",2026-03-19 18:54:37,,"que, do, e, o, do, com, de, e, tu, que, o, de"
Vasco,willhg11,@willhg11,"pode até não parecer, mas vasco está voltando ficar acostumado saber jogar jogo grande tomar atitude meio à dificuldade contra grandes adversários, não mais contexto luta rebaixamento. sonhar alto mesmo, pensar time pode chegar cabeças+",2026-03-19 18:54:37,,"o, a, a, e, em, e, é, no, de, por, é, no, de, que, o, nas"
Santos,Visão Pátria,@PatriaVisao,"poderia também, , dizer você tinha, ainda período exposed você deu hytalo santos, post seu perfil (que você só apagou quando questionou)?",2026-03-19 18:54:37,,"por, que, no, do, que, no, esse, em"
Corinthians,𝕵𝖊𝖋𝖋𝖊𝖗𝖘𝖔𝖓 𝕲𝖆𝖇𝖗𝖎𝖊𝖑 ˢᶜᶜᵖ,@sccpjeffx,corinthians,2026-03-19 18:54:37,,
Vasco,;leachiim,@mikeawful,"mas gols contra adversários contra adversários fracos, não jogando nada. contra vasco não bem, apesar gols. então só número gols credencia? justificativa? estatística levar seleção?",2026-03-19 18:54:37,,"ele, tá, ele, foi, dos, é, de, que, essa, é, a, para, para"
São Paulo,ANDERSON SANTOSᶜʳᶠ ⁴Lib • ⁹BR | sem fax,@andimitb,"são paulo né acaso são paulo está reclamando até hoje ramon abel abati não apitar os jogos kkk como diz arnaldo ribeiro ""é raro time prejudicado reclamar menos beneficiado""",2026-03-19 18:54:37,,"por, é, o, que, do, o, o, que, o"
Flamengo,𝖆𝖏 | lost ﮩ٨ـ✠ﮩ,@aj_alex7,"vem acontecendo torcida flamengo pelo visto agora torcida fluminense bizarro. estão trocando torcedor espectadores. nao pode comemorar depois virar jogo pra 3x2 contra rival, não pode mais nada futebol.",2026-03-19 18:54:37,,"o, que, na, do, e, na, do, é, eles, por, se, de, um, um, no"
Corinthians,Chapecoense,@ChapecoenseReal,manto preparado! estamos prontos confronto diante corinthians! luiz ferrazzo | acf,2026-03-19 18:54:37,"VamosChape, NósSomosAChape","para, o, do"
Internacional,NelioVilela,@VilelaNelo82,"quer outra?? procura ae esses merdas querendo “grupo internacional combate corrupção”, ou seja, pessoas vc nem conhece, não votou, comandaria fora pra dentro. tipo grupo demoníaco “transparência internacional”.",2026-03-19 18:54:37,,"um, de, a, que, de, o"
Flamengo,Cruzeiro morreu em 2019,@Aurelio256278,flamengo 9 x 0,2026-03-19 18:54:37,,
Flamengo,DiegoLopes,@DiegoLo613,acredito vc . maju. os times jogam contra flamengo dão vida. contra corinthians não será fácil mas flamengo ganha 3 1,2026-03-19 18:54:37,,"em, que, o, a, o, o, de, a"
Grêmio,Bersano,@BrunoBersa29907,me lembra grêmio tava tomando 3 américa suarez lá virou jogo gols dois gols assistência,2026-03-19 18:54:37,,"isso, que, o, do, e, o, foi, e, o, e, uma"
Palmeiras,Érich Ribeiro,@oerichribeiro,"não quero vença melhor, vencendo bola. quero ganhar palmeiras roubado. tipo escândalo maior ramon abate abel",2026-03-19 18:54:37,,"que, o, na, do, um, que, do"
Santos,SFC 1912,@NenoSantos39265,"bando modinha,dps santos começa ganhar títulos dnv,vai querer vira sócia ou socio dnv",2026-03-19 18:54:37,,"de, o"
Internacional,Nath,@nathaliaaques,1% pop internacional sou ouvindo minha playlist pop adolescência todos os dias até hoje,2026-03-19 18:54:37,,"o, de, eu, de, da"
Flamengo,Gabs Domingues,@gabriellad11286,"clube regatas flamengo , primeiro maior amor. tirando ele, tenho grande admiração acompanho todos os jogos napoli desde 2017.",2026-03-19 18:54:37,,"de, do, e, uma, e, do"
Corinthians,Leonardo,@LeonardoL4718,quem fez pressão mídia suja junto as putas pederas. torcida real corinthians queria continuasse trabalho,2026-03-19 18:54:37,,"a, foi, a, com, e, a, do, que, ele, o"
Corinthians,Alexandre100fax,@Alexandre1910x,"alexandre mattos, está aí profissional jamais gostaria ver corinthians famoso imã bomba, credo",2026-03-19 18:54:37,,"um, que, eu, de, no, de"
Santos,Menino Craft 🅲🆁🅵,@Cronos_kingxyz,"campeão nacional estuprobol, parabéns santos",2026-03-19 18:53:37,,de
Santos,Romero Britto,@britto_rom80364,então quer dizer hytalo santos só precisava ter levado kamylinha pras festas vorcaro xandão tava liberado?,2026-03-19 18:53:37,,"que, o, a, do, e, do, que"
Vasco,TETRA DA LIBERTADORES,@Jorgecrf07,"contra vasco, lembrou cafu auge nesse jogo, mas contra vasco fácil sei",2026-03-19 18:53:37,,"foi, o, o, no, o, é, eu"
Grêmio,4° Quarto ⁴⁴,@4o_Quarto,grêmio wallpaper google imagens pesquisar (2008),2026-03-19 18:53:37,,
Flamengo,Diego ★彡,@DiegoPi74342939,"mas ninguém discorda flamengo ganhar mais, problema ganhar 10x mais",2026-03-19 18:53:37,,"do, o, é"
Palmeiras,TBS Mitras,@tbsmitras,"vocês choram muito, palmeiras não precisa ganhar grito. diferente vocês, até vídeo já sumiu pra não constatar erro. quero ver qual será novo choro próximo jogo, vier derrota.",2026-03-19 18:53:37,,"o, no, de, que, o, o, no, se, uma"
Palmeiras,Aleph TFT,@AlephTFT,"palmeiras quer fazer pressão arbitragem sozinho kkkkkk, time q falou ""sistema"" ""asterisco""",2026-03-19 18:53:37,,"o, na, o, de, e"
Flamengo,Kaioᶜʳᶠ,@Kaio02345,>flamengo ganhando chelsea viria campeão cwc*,2026-03-19 18:53:37,,"do, que, a, ser, da"
Flamengo,Augusto Lino,@AlanLino1,hoje flamengo gelinho pra descontrair,2026-03-19 18:53:37,,"tem, e, um"
Palmeiras,Thiago Janning,@janning_thiago,"palmeiras 3 coletivas seguidas seus técnico medíocre reclamando, aí diretoria são paulo posiciona , diretoria palmeiras vai reclamar",2026-03-19 18:53:37,,"tá, a, com, a, do, se, a, do"
Cruzeiro,"Costa, o prósperoᶜᵉᶜ 03/45",@Eu__Erik35,"sorteio queria cruzeiro pegasse independente del valle cruzeiro deportivo la guaira universidad central “ah mas são os mais fracos”, quero os mas fracos",2026-03-19 18:53:37,,"o, que, eu, que, o, isso, eu"
Grêmio,Thiago R.,@thiagorp1903,"mas pqp, mais vez narrador dandan escalado jogo grêmio. morte lenta dolorosa.",2026-03-19 18:53:37,,"uma, o, para, o, do, que, e"
Santos,Brunno Cezar,@brunnobcso,depois dele qual tecnico santos fez boa campanha? qual chegou final?,2026-03-19 18:53:37,,"no, em, uma"
Grêmio,Valdair S. Sarmento,@valdairsarmento,"parabéns josias, muito merecido! fazes defesas indiscutíveis nosso grêmio, principalmente contra imprensa hipócrita e, quem sabe, muitos casos vendida.",2026-03-19 18:53:37,,"do, essa, em"
São Paulo,FORA OLTEN AYRES,@th_ca_l,brincadeira desgraça daronco vai apitar choque rei ne? vai todo mundo tomar cu caralho diretoria são paulo fraca omissa bastidores,2026-03-19 18:53:37,,"ta, de, que, essa, de, o, no, do, é, uma, e, nos"
Flamengo,nicole,@louizmalik,mano sorteio eh hora jogo flamengo papagaiada,2026-03-19 18:53:37,,"o, na, do, do, que"
Vasco,Karla Martins,@Karlafisbass,vixi! dei sorte vasco jogou ontem…hehe,2026-03-19 18:53:37,,"que, o"
Grêmio,Berlim Football,@Berlim_Football,"esses times sul nunca conseguem lotar seus estádios, doideira. público bem baixo grêmio x vitória.",2026-03-19 18:53:37,,"do, para"
São Paulo,Thayná Moura,@thayspfc__,"acho sr. anderson barros não assiste às coletivas próprio treinador. assistisse, veria há duas semanas técnico fala mais são paulo próprio clube. rui costa respondeu pergunta só surgiu porque abel não tira nome são paulo boca.",2026-03-19 18:53:37,,"eu, que, o, do, se, que, o, do, do, que, do, uma, que, o, o, do, da"
Palmeiras,JcFlamengo,@flamengo_jc,mas quem sempre rouba palmeiras kkkk,2026-03-19 18:53:37,,"e, o"
Flamengo,RAINDERFRLA,@JonasLu87849107,brasileirão - palmeiras libertadores - flamengo sul-americana - river plate copa brasil - atlético mg mundial clubes - flamengo copa mundo - brasil encima frança!,2026-03-19 18:53:37,,"do, de, do, da"
São Paulo,Pepebike,@pepebike_1,"quatro anos depois ... ""a culpa bolsonaro"". deixe sua risada pior ministro economia história brasil pior prefeito cidade são paulo.",2026-03-19 18:53:37,"ForaLulaLadrão, foraPT","é, do, a, para, o, da, da, do, e, da, de"
Grêmio,John,@djowbats,cá estou pra desgraçar mais noite assistindo grêmio,2026-03-19 18:53:37,,"uma, o"
Cruzeiro,tleticanoXiita ᶜᵃᵐ¹⁹⁰⁸,@AtleticoMGHonra,celular quem simpatizante cruzeiro-mg futebol club.,2026-03-19 18:53:37,,"de, é, do"
Flamengo,Arrow TETRA DA LIBERTADORES ᶜʳᶠ,@iamjotape10,quem inventou colocar jogo flamengo 20h dia minha formatura vsf,2026-03-19 18:52:37,,"de, um, do, de, no, da"
Cruzeiro,ResPeita o TorceDor MT FDP.,@Boemiosfc_fx,somando cruzeiro inter são 86 jogos brasil 2 vitórias contra times série a.,2026-03-19 18:52:37,,"e, no, de"
Vasco,Léo,@90alvs,porque torcedor vasco gama,2026-03-19 18:52:37,,"ele, é, do, da"
Botafogo,Ventura,@Luucas_Ventura,2024 botafogo criou bando merda,2026-03-19 18:52:37,,"do, um, de"
Palmeiras,BeeFootball,@BeeFootballBR,novo patrocínio palmeiras montadora carros chinesa leapmotor pode chegar r$ 30 milhões ano. são r$ 20 milhões fixos + r$ 10 milhões bônus metas projetos via lei federal incentivo. contrato será 2 anos.,2026-03-19 18:52:37,,"do, com, a, de, a, por, em, por, e, de, o, de"
Flamengo,out of context QPEE,@Z4Futebol,comecei gostar futebol pelo meu pai caminhoneiro assistir dbz meu criança ficou muito feliz vendo flamengo derrotar chelsea torneio poder,2026-03-19 18:52:37,,"eu, a, de, ser, e, eu, o, eu, o, o, no, do"
Grêmio,Gols do Brasileirão,@golsdobrasil1,grêmio estreia nova camisa principal jogo hoje. reprodução/premiere,2026-03-19 18:52:37,,"o, no, de"
Flamengo,Fim de Jogo/Veiga de Almeida,@fimdejogoaguva,último lance segundo quarto foram os três lances livres convertidos negrete flamengo fla 41x45 pin,2026-03-19 18:52:37,nbb,"do, por, para, o"
Fluminense,ESCURINATTI ✠✠,@VnOliveira71,"concordo digo mais, mantém lucho savarino n teria perdido jogo, momento q fluminense parou ter bola ataque perdeu jogo !",2026-03-19 18:52:37,,"e, se, o, e, o, o, no, o, de, a, no, o"
Botafogo,Renan Peres (8/45),@Crvgnanzinho,grupo c: olimpia; caracas; audax italiano botafogo,2026-03-19 18:52:37,,e
São Paulo,Renan Peres (8/45),@Crvgnanzinho,grupo b: são paulo; san lorenzo; blooming alianza atlético,2026-03-19 18:52:37,,e
Palmeiras,Wilham Kalil,@AlemaoKalil,vc gosta falar caráter outros ao fazer acusações contra palmeiras vc mostra verdadeiro mau caráter,2026-03-19 18:52:37,,"que, de, do, dos, o, se, um"
Corinthians,Diego,@DieguitoMoura,"1999. segundo jogo marcos, depois veloso machucar. acontecimento chave conquista libertadores. veloso não machuca corinthians seria campeão. são marcos só um!!!",2026-03-19 18:52:37,,"em, do, do, se, para, a, da, se, o, se, o, o, é"
Grêmio,Thiago Schönhof,@tschinoff,inter: 166 grêmio: 143 empates: 142 sabe muito,2026-03-19 18:52:37,,
São Paulo,bruna,@captndanvrz,chegando são paulo clima terrível,2026-03-19 18:52:37,,"em, em"
São Paulo,F.,@aabakali,"""ah mas vc não sai pra passear aí são paulo?"" minha filha vc sabe quanto preço lanche? soma lanche + uber ida volta pq tudo longe nem sempre metro+ ingresso pra entrada algum lugar= 100 conto. nem tudo q quer pode",2026-03-19 18:52:37,,"em, tá, o, do, o, o, e, é, e, tem, um, em, se, se"
Grêmio,ᗰᗩᑎᑌ乙I丅ᗩ,@emanoeIIa,ou grêmio ganha ou suicídio adiantado,2026-03-19 18:52:37,,o
Grêmio,RTI Esporte,@rtiesporte,"grêmio x vitória 19/03/2026: onde assistir, escalações palpites … palpites brasileirão copa brasil? faça suas jogadas blaze, parceira rti esporte. aposte moderação responsabilidade. acesse blaze este link oficial.",2026-03-19 18:52:37,,"e, para, o, e, do, com, a, do, com, e, a, por"
Palmeiras,JcFlamengo,@flamengo_jc,mas quem rouba palmeiras kkkk,2026-03-19 18:52:37,,"e, o"
Vasco,Testeslo13,@ramon_diaz56078,vasco pai botafogo,2026-03-19 18:52:37,,do
Santos,Antônio Henrique,@antoniozzj,escala completa: árbitro: paulo césar zanovelli (fifa/mg) assistente 1: brigida cirilo ferreira (fifa/al) assistente 2: rondinelle santos (cbf/al) 4º árbitro: wiomar santana oliveira (cbf/al) var: gilberto rodrigues castro junior (cbf/pe),2026-03-19 18:52:37,,"dos, de"
Botafogo,Rodrigo Carvalho,@Rcaarvalho,"danilo cria palmeiras, joga mais marlon, voltou europa p botafogo palmeirense nenhum momento criticou ele, pelo contrário só abrir os comentários fotos danilo palmeirense pedindo pra voltar. botafoguense carente demais pqp. kkkkkkkk",2026-03-19 18:52:37,,"o, é, do, que, o, da, o, e, o, em, é, das, do, que, tem, é"
Vasco,Rain,@MizukidaSilva,time ultima vitoria vasco cima gremio,2026-03-19 18:52:37,,"da, do, em, do"
Corinthians,̶P̶A̶U̶L̶O̶,@PVDias2,"dá mesquinhos pelo caso drew,(geral sabe nunca sobre as imagens) quem corinthians sabe passagem panos",2026-03-19 18:52:37,,"isso, que, ser, que, foi, e, é, a, de"
Cruzeiro,Carlos eduardo,@carlosepasc,"boca,cruzeiro,junior, sc, parejito este bombo",2026-03-19 18:52:37,,
Corinthians,"R, o Visionário",@vivisionario,"agradecimento total ao elenco futebol feminino as torcedoras corinthians isso, fique bem claro.",2026-03-19 18:52:37,,"do, e, do, por, que"
Santos,ResPeita o TorceDor MT FDP.,@Boemiosfc_fx,"pezolano 68 jogos pelo cruzeiro 18 inter, ontem chegou segunda vitória contra times série amigo q quis dizer 86 jogos 2 vitórias contra time série delas contra santos vojvoda vários reservas.",2026-03-19 18:52:37,,"tem, e, com, o, ele, a, da, a, foi, isso, da, a, uma, o, do, e, com"
Grêmio,Bersano,@BrunoBersa29907,internacional inclusive passou ter triplo condenações grêmio.,2026-03-19 18:51:37,,"o, a, o, de, que, o"
Santos,Bruno Arcanjo,@xbrunaox,duda santos queria namorar,2026-03-19 18:51:37,,ela
Palmeiras,JcFlamengo,@flamengo_jc,mas quem rouba palmeiras,2026-03-19 18:51:37,,"é, o"
Grêmio,PG,@patronPG,hoje sorteio sula já tô vendo independiente la puta madre interior bolívia grupo grêmio,2026-03-19 18:51:37,,"tem, da, e, o, do, da, no, do"
Flamengo,𝖆𝖏 | lost ﮩ٨ـ✠ﮩ,@aj_alex7,acontece quando torcida vai perdendo essência torcedor começa virar espectador (que vem acontecendo flamengo últimos anos motivo x ou y). qualquer torcedor ficaria maluco hm jogo desse,2026-03-19 18:51:37,,"é, o, que, a, a, de, e, a, é, o, que, com, o, nos, por, em"
Flamengo,Flamengo em Tudo,@FlaEmTudo,"fim segundo quarto maracanãzinho. flamengo 41 x 45 pinheiros, pelo nbb.",2026-03-19 18:51:37,FlaBasquete,"do, no"
Grêmio,Jeferson Bratfisch,@JefersonBr597,cima deles grêmio novo manto 2026,2026-03-19 18:51:37,,"para, com, o"
Flamengo,Marcelo-CR - (3 - 45),@Marcelodied,"ainda bem as torcidas flamengo remo são aliadas, pq não fosse, iria complicado.",2026-03-19 18:51:37,,"que, de, e, se, ser"
Palmeiras,Marcos laerson,@Marcoslaerson,"era pra lucas andrade sair antes libertadores ,pois assim como outra q incompetência dele palmeiras saiu pro boca ,neste ano já mostrou q nãoextrai melhor time não vejo time campeão pelo futebol praticado, já vai tarde!!",2026-03-19 18:51:37,,"da, a, por, o, o, do, e, esse, ele"
Flamengo,✠ Fillipe Mendes ✠,@FillipeMendes3,"tudo bem os clubes série entrarem agora, mas ter potes acho muito errado tbm. era pra poder rolar flamengo x palmeiras cara, como ocorre fa cup",2026-03-19 18:51:37,,"da, a, um, de, na"
Grêmio,mE,@thedreamyem,"geral acho q gostei nova camisa grêmio, mas não gostei muito dourado nessa",2026-03-19 18:51:37,,"em, eu, da, do, do"
Cruzeiro,Noite Celeste,@noiteceleste,"tjd-mg marca julgamento 25 jogadores confusão clássico mineiro! tribunal justiça desportiva minas gerais (tjd-mg) definiu data julgamento envolvidos briga generalizada ocorrida após clássico entre cruzeiro atlético, último dia 8 março",2026-03-19 18:51:37,,"de, por, no, o, de, de, a, para, o, dos, na, o, e, no, de"
Cruzeiro,Neymar não vai pra copa,@ThiagoSavage,prefiro cair ficar bando acomodado mas prefiro mais ainda final ano marcar familiar willian todos prejudicaram cruzeiro mas depois vem chorar dizendo não precisa disso kkkkkk mas deixa rolar quero ver quando acorda aperta pro lado deles,2026-03-19 18:51:37,,"do, que, com, um, de, no, do, de, e, que, o, eles, que"
Cruzeiro,Pedro Henrique,@PedroArrudaAdvg,maior ídolo cruzeiro esporte clube,2026-03-19 18:51:37,,"o, do"
Corinthians,santos,@mariasantosnz,oi hoje nao vou me estressar corinthians,2026-03-19 18:51:37,,"com, o"
Corinthians,MC Ratão,@MCRatao_Gospel,grupo vida // grupo morte nacional (uru) // del valle (ecu) corinthians // corinthians la guaira (ven) // coquimbo unido (chi) rivadavia (arg) // barcelona (ecu),2026-03-19 18:51:37,,"da, da"
Vasco,Claudio Souza,@matchomusic,"sim, mas nem óbvio zubeldia conseguiu enxergar vasco ganhando todos os rebotes, cruzamento atrás cruzamento, defesa desorganizando inerte. futebol simples, mas nem todos conseguem perceber as obviedades decidem partida.",2026-03-19 18:51:37,,"esse, o, e, o, de, a, se, e, ele, o, é, que, uma"
Flamengo,sa,@suayonce,conhecendo clube regatas flamengo hj leao azul vai ter sua primeira vitoria brasileirão,2026-03-19 18:51:37,,"o, de, do, o, no"
Santos,matt,@matthwz_,"melhor exatamente? filha puta tirou libertadores meu time, você pode não santista mas quem santista verdade sabe palmeirense ai fudeu santos",2026-03-19 18:51:37,,"em, que, esse, da, uma, do, ser, é, de, que, esse, o"
Grêmio,Eu,@wbscherner,mas grêmio hein?,2026-03-19 18:51:37,,"e, o"
Palmeiras,Anderson,@LinhoSEP,falou vcs eliminando palmeiras copa brasil gol impedido var resetado porque cbf sumiu as imagens.,2026-03-19 18:51:37,,"o, da, do, com, e, o, foi, a, com"
Grêmio,Diego Torbes,@DiegoTorbesBage,encarar vitória. leo pérez pela primeira vez titular.,2026-03-19 18:50:37,Grêmio,"para, o"
Fluminense,Marcio B.,@whathafuck,"fluminense, libertad, jr barranquila barcelona g.",2026-03-19 18:50:37,,"e, de"
Flamengo,Lss,@luuquuinhass,"só espera jogos grêmio flamengo, pra história acontecer",2026-03-19 18:50:37,,"na, dos, do, e"
Grêmio,Lorenzo¹⁹⁰³,@shamenix,"camisa ja 600 conto, mínimo baixar preço personalização grêmio faz, pq 110 conta pra colocar nome número não dá. personalização deveria máximo 30 pila nome número",2026-03-19 18:50:37,,"a, ta, o, é, o, da, que, é, o, que, e, a, ser, no, com, e"
São Paulo,um aleatório,@Renatobrazleiro,"mutuals outros estados podem me julgas, mas eu, enquanto roraimense nascido criado boa vista atualmente passando maior parte ano amazonas, sempre venho são paulo me sinto outro país",2026-03-19 18:50:37,,"de, um, e, em, e, do, no, que, para, em"
Vasco,OKR4V ✠,@EuSouVascaino_,fosse título vasco seria maior campeão planeta.,2026-03-19 18:50:37,,"se, isso, o, o, do"
São Paulo,Carlos Souza,@dn_imagem,"mais vez foro são paulo, fundado lula age salvar ditadura comunista, não povo escraviza.",2026-03-19 18:50:37,,"uma, o, de, por, para, uma, e, o, que, ela"
Fluminense,LucasCRVG,@Serenocrvg,"“ vasco jogasse maracanã todo jogo ,teria mesma média ingressos idiotice colossal !!!! 1º vasco só não mais sócios pq são januário só cabe 20 mil. os jogos fossem maracanã número associados seria muito maior",2026-03-19 19:13:19,,"se, o, no, a, de, do, isso, é, de, uma, o, tem, se, no, esse, de, e, isso"
Flamengo,arisu ¹⁴,@paranoidcrf,arame liso defesa flamengo,2026-03-19 19:13:16,,"essa, do"
Flamengo,Jade,@jadesferrazz,uai flamengo tomando apavoro remo kkkkkkkkkk,2026-03-19 19:13:15,,do
Flamengo,Laert,@Could_66,"marcação flamengo dormindo, tnc acorda porra",2026-03-19 19:13:14,,"do, ta"
Flamengo,𝓷,@johnnykavnagh,flamengo ter folga morto campo,2026-03-19 19:13:14,,"foi, o, que, ta, em"
Flamengo,Leandro Souza,@Leolegioen,time flamengo está jogando sapato alto absurdo .,2026-03-19 19:13:13,"VamosFlamengo, CRF, Flamengo, colunadofla","o, do, com, um"
Corinthians,Puyol da Lusa,@A2puyol,"tomara alguém leve embora, jogador pipoqueiro. perdeu 3 gols contra corinthians eliminação copa brasil displicente. bertinato apagou até rede social, estranho.",2026-03-19 19:13:12,,"que, o, e, na, da, do, foi, e, o"
Corinthians,🆂🅷🅸 16/45,@SPFCamorinfinit,me lembrou menina teve relação jogador base corinthians faleceu disso,2026-03-19 19:13:10,,"isso, da, que, com, um, da, do, e"
Flamengo,@su_moraess,·,"quando flamengo depende só dele, já sabem né kkkkkkkk",2026-03-19 19:13:23,,o
Flamengo,.,@becartierr,não demostrou os áudios vazados após derrota contra flamengo kkkkkkkk,2026-03-19 19:13:09,,"foi, isso, que, a, o"
Flamengo,aninha ᶜʳᶠ,@anaaflxz,"flamengo todo respeito, vai ferrar",2026-03-19 19:13:08,,"com, se"
Flamengo,Mani,@manucemolin,vsf não consigo assistir jogo flamengo,2026-03-19 19:13:07,,"o, do"
Fluminense,Léo,@santtLeo,torcida remo botou mais gente maracanã torcida fluminense clássico,2026-03-19 19:13:07,,"do, no, do, que, a, do, no"
Flamengo,Japoneguinha,@eutamires27,flamengo sofrendo remo kkkkkk,2026-03-19 19:13:02,,com
Corinthians,fe,@kyaandaddy,alguem me fala app iphone q pra ver jogo corinthians graça plmds,2026-03-19 19:13:01,corinthians,"um, do, da, o, do, de"
Flamengo,@rennanevangelista,@1989rennan,luiz araujo nao nivel flamengo! acha craque! so esforçado bem burro tb,2026-03-19 19:13:01,,"tem, de, e, ele, que, é, é, e"
Botafogo,SaiyanCarp,@saiyancarp,cienciano boston river botafogo,2026-03-19 19:12:59,,
Santos,Impricante,@Implicante9,última passagem dele pelo clube santos finalista libertadores ficou bem classificado brasileirão time só tinha marinho como destaque. pouco ou você só quer lacrar mesmo?,2026-03-19 19:12:58,,"na, o, foi, da, e, no, com, um, que, tá"
Flamengo,ColossoTetra-Eneaᶜʳᶠ,@aldineisalim2,q porra essa? bora acordar flamengo!,2026-03-19 19:12:57,,é
Flamengo,ؘ,@fayemengo,flamengo tomando apavoro remo vai tomar cu,2026-03-19 19:12:56,,"o, do, no"
Flamengo,yas.,@yascastte,hm flamengo.,2026-03-19 19:12:55,,
Flamengo,vitão,@V1ct0r_CRF,q porra marcação flamengo,2026-03-19 19:12:54,,"de, é, essa, do"
Flamengo,Agostinho do agreste,@FMLM21,flamengo livrar luiz araújo.,2026-03-19 19:12:51,,"tem, que, se, do"
Flamengo,bruna,@badthirlwalls,sentindo flamengo vai passar vergonha,2026-03-19 19:12:47,,"que, o"
Fluminense,JH,@_joaohector,"parabéns ao jogadores botafogo tiveram postura aí. colônia férias fluminense teve fila pra abraçar outro vagabundo lá. pq pra clube sempre segundo plano, importante são as amizades. bando frouxo caralho",2026-03-19 19:12:47,,"do, que, essa, na, de, do, o, eles, o, tá, em, o, de, do"
Flamengo,Torcedor roxo,@torcedor_roxo,colocar everton araújo dela cruz!,2026-03-19 19:12:47,,"tem, e"
São Paulo,fabs VAI VER A CHAPPELL!,@pinkponylouis,qualquer momento são paulo vai ficar mais pessoa lesbica seu território!,2026-03-19 19:12:46,,"a, com, uma, em"
Flamengo,M. Castro,@Manoel77Crf,marcação flamengo vergonha!!!!!!!,2026-03-19 19:12:46,,"a, do, ta, uma"
Flamengo,Rebs :),@Offdab_,flamengo precisa urgentemente ter dois volantes jovens,2026-03-19 19:12:46,,
Vasco,5,@87ramiroNL,river vasco audax botafogo,2026-03-19 19:12:45,,
Flamengo,Leo,@leonevescruz,"amigo, procura youtube: são paulo 2x2 flamengo, final supercopa 1993, corinthians 2x2 flamengo pelo campeonato brasileiro 1993. assiste esses jogos você vai ver: nenhum jogo futebol atual chega perto deles.",2026-03-19 19:12:45,,"no, da, de, e, de, a, que, do"
Flamengo,enya ᶜʳᶠ,@mithrwndir,flamengo vai acordar horas?,2026-03-19 19:12:44,,que
Flamengo,Everton Luan,@EvertonLuan18,mds porra marcação flamengo inacreditável,2026-03-19 19:12:44,,"que, de, é, essa, do"
Botafogo,fabregas ★彡,@FabrcioVieiraa,"até remo mais organizado merda botafogo, q fase",2026-03-19 19:12:43,,"o, é, que, essa, de"
Flamengo,Liliana Soares Angelim OTO,@lilianasoares,"cara não sei pra vcs colocam os jogos flamengo pelo premier. jogo inteiro deley. horrível, todo ano assim.",2026-03-19 19:12:43,,"eu, que, do, o, com, é, é"
Flamengo,Trick Fla da Depressão,@trickfladadepre,todo jogo alef manga contra flamengo vira bruno henrique 2019,2026-03-19 19:12:43,,"do, o, ele, o, de"
Flamengo,Bambina di Fiori,@mooniquercm,não sabia flamengo ia sub 20 hoje,2026-03-19 19:12:43,,"que, o, com, o"
Flamengo,Leo C4mpello xᶜᵃᵐᵖᵉᵃᵒ,@LeoCampello3,flamengo dando espaço demais pqp.,2026-03-19 19:12:43,,tá
Corinthians,Bianca Molina,@biimolina,"pode ser, acho tens ponto. até falei vídeo meu fato lingard não estar 100% fisicamente não ter jogo decisivo pela frente (um mata-mata, final, etc) ou algo justificasse urgência, fez corinthians não fizesse operação guerra pra",2026-03-19 19:12:41,,"que, tu, um, em, um, que, o, do, e, um, que, a, com, que, o, uma, de"
Flamengo,Lss,@luuquuinhass,"aberto jogo roma, seleção finalizações bologna, aí n está aparecendo, pior q falta só finalização depois amarrar flamengo",2026-03-19 19:12:41,,"tá, em, o, da, de, do, uma, e, o"
Flamengo,EDITZA,@editza_crf,flamengo mister jardim encantador,2026-03-19 19:12:40,,"do, é"
Flamengo,valente,@goatzmessi,horas flamengo entra campo?? só pra saber mesmo,2026-03-19 19:12:35,,"e, que, o, em"
Vasco,Leonardo Rezende,@leorezendeadv,"incrível! já era possível ter virada como certa antes mesmo segundo gol! torcida entrou jogo aos 10 segundo tempo, levou os 3 pontos pra casa! time vasco simplesmente transe! energia vascaínos, longe, torcida mais poderosa brasil.",2026-03-19 19:12:35,,"foi, a, do, a, no, do, e, do, em, que, dos, de, a, do"
Flamengo,Fernando ᶜʳᶠ ¹⁸⁹⁵,@carica_0074,"vtnc ,tomando sufoco remo? não fode",2026-03-19 19:12:34,,do
Flamengo,jonil de souza,@de_jonil,vem flamengo falta agora remo,2026-03-19 19:12:35,,"e, no"
Flamengo,Aneᶜʳᶠ,@annettwitta,sofrendo pressão remo kkkkkkk flamengo,2026-03-19 19:12:34,,"do, isso, é"
Flamengo,carol tetra da américa,@soymievolucion,vou ficar calada viu flamengo,2026-03-19 19:12:33,,é
Flamengo,VBR,@ReblavGS,"time vergonhoso, mais fácil remo fazer gol flamengo",2026-03-19 19:12:31,,"que, tá, do, um, do, que"
Grêmio,Gustavo¹⁹⁰³,@1903_12__,"grêmio fez gol agora fica atrás esperando vitória, marcar alto.",2026-03-19 19:12:31,,"o, e, o, tem, que"
Flamengo,lucas,@lucas_pontes9,marcação flamengo até agora não encaixou. remo chegar várias vezes aérea flamengo 13 minutos inadmissível. vamos acordar aí.,2026-03-19 19:12:31,,"do, o, na, do, com, é"
Flamengo,Charla Podcast,@CharlaPodcast,muito torcedor mengão bahia? júnior baiano comentou sobre os baianos torcem flamengo também os são contra. confere aí!,2026-03-19 19:12:31,SportingbetNoCharla,"tem, do, na, que, para, o, e, que"
Fluminense,Fluminense ate morrer,@CezarImitando,desserviço pro fluminense,2026-03-19 19:12:30,,"tu, é, um"
Flamengo,Luiz Filipe Carneiro,@luizfilipecm,jogo flamengo identificado prime. mas esse.,2026-03-19 19:12:30,,"o, do, na, tá, no, é"
Flamengo,Simone Soares,@simoneebelinha,flamengo está perdido. acorda!!,2026-03-19 19:12:30,FLAxREM,o
Flamengo,Arouca,@Luiz_Arouca2,vamos acordar flamengo!!,2026-03-19 19:12:30,,
Corinthians,rogério paula silva trindade,@rogriopaulas,"vc conhece história ? vc não sabe procura estudar apelido porco herdado vcs pq vcs tiraram sarro morte 2 ex jogadores ainda queria mesmo tragédia campeonato continuasse nem luto dor família respeitou,vcs piada",2026-03-19 19:12:29,,"a, do, se, o, de, foi, a, da, de, do, e, que, na, o, e, da, é"
Palmeiras,Mendigo (16/45),@mendigo_do_x,"antes nada, mas fica muito ridículo ""auto-entrevista"" próprio assessor palmeiras faz perguntas pra falar, era muito mais fácil ficaria mais íntegro fosse dando declaração queria falar. amadorismo dele gritante.",2026-03-19 19:12:24,,"isso, do, que, essa, em, que, o, do, ele, e, se, ele, a, do, que, ele, é"
Flamengo,ste,@hiansolo,flamengo doido pra tomar gol,2026-03-19 19:12:23,,"o, um"
Flamengo,André Dias Moreira,@DedezinhoDias,passando maus bocados. os lances mais perigosos foram remo acorda mengão,2026-03-19 19:12:23,,"o, por, do"
Fluminense,N,@ncfernandess,colocou mais fluminense,2026-03-19 19:12:23,,"que, o"
Botafogo,ValenBa,@valeennbarrios,millonario blooming botafogo,2026-03-19 19:12:23,,
Flamengo,Pedro Rodrigues,@prr2008,"vitória flamengo sobre líder pinheiros, 80 75 bom jogo rubro-negro parece rejuvenescido depois vitória bcla último sábado. shaq johnson(23 pontos) deodato(21 pontos) foram complementos decisivo negrete(22).",2026-03-19 19:12:23,,"do, o, a, do, que, da, da, do, e, para, um"
Botafogo,Bolavip Brasil,@BolavipBR,"treinador, demitido pelo peixe nesta última quarta-feira (18), nomes monitorados john textor botafogo",2026-03-19 19:12:23,,"o, é, um, dos, por, no"
Flamengo,Dr. L,@DaviLuc4386458,defesa flamengo muito resenha hoje kkkkkkkkk previsivel.,2026-03-19 19:12:23,FLAxREM,"a, do, ta"
Cruzeiro,de Rosa,@GabridRosa,paqueta deixou avenida direita contra cruzeiro. bola pé muito abaixo pode oferecer fisicamente.,2026-03-19 19:12:23,,"uma, na, o, sem, a, no, ele, tá, do, que"
Flamengo,fiapos⁵,@breadjeanies,vergonha flamengo deixando remo jogar,2026-03-19 19:12:23,,"que, esse, o"
Flamengo,Maycon,@maycondias1,flamengo sofrendo pra merda remo,2026-03-19 19:12:23,,"essa, de"
Cruzeiro,Matheus Enderson,@MEnderson27,0 ânimo pra sorteio libertadores. tite conseguiu destruir ano inteiro cruzeiro.,2026-03-19 19:12:23,,"esse, da, o, o, do"
Palmeiras,Leo Rufus,@LeoRufusx,bora lá ver quem serão os eliminados pelo palmeiras,2026-03-19 19:12:23,,
Flamengo,larissa,@corneliacstreet,flamengo pedindo pra levar gol,2026-03-19 19:12:23,,"o, tá, um"
Flamengo,samu : crf⁷,@sambyrk,olha flamengo flertando perigo,2026-03-19 19:12:23,,"o, com, o"
São Paulo,samuca maravilha,@maravilhasamuca,ontem rolou evento inauguração bershka brasil. logo fui acometido fomo imensa pois nata criativa são paulo estaria lá.,2026-03-19 19:12:23,,"o, de, da, no, por, uma, a, de"
Flamengo,kau an,@chuupasseio5,luiz araujo eh lixo horrível inimigo flamengo,2026-03-19 19:12:23,,"um, do"
Flamengo,leletetra,@leletrz,flamengo tomando apavoro remo kkkkkkkkkkkk sério,2026-03-19 19:12:23,,"o, do"
Flamengo,marcelle,@hoseokflamengo,bora flamengo,2026-03-19 19:12:23,,
Cruzeiro,Alberto,@albeerto_l11,nacional cruzeiro junior sporting cristal,2026-03-19 19:12:23,,
Flamengo,BBB_Disseᶜʳᶠ,@Ti_Dizer,flamengo n entrou campo jogando contra time,2026-03-19 19:12:23,,"em, esse"
Santos,Kami-Sama,@Ginko2745838651,"neymar santos jogou mais todos esses citados, imagina auge. só ver os jogos.",2026-03-19 19:12:23,,"no, que, no, é"
Corinthians,Spider Man,@spider_vrr,po plmds gente cara inglês vcs não sabem tanto q burocrático pra arrumar visto inglês pra trabalhar brasil certeza demora não te nada ver diretoria corinthians mas vcs não vão entender pq só querem causar falar merda,2026-03-19 19:12:23,,"o, é, o, é, o, de, um, no, com, essa, a, com, a, do, isso, e"
Flamengo,Sissi,@jessideoyaa,"arrumei tudinho, agora vou fazer janta antes novela começar. flamengo já me estressou",2026-03-19 19:12:23,,"a, da"
Flamengo,Maria,@afterracing_,quase 14 minutos jogando contra remo ainda fizeram gol? lamentável flamengo!,2026-03-19 19:12:23,,"o, e, na, o"
Flamengo,Miller,@Millersilva27,bora querer flamengo,2026-03-19 19:12:23,,
Flamengo,Marlon,@MarlonSantosAz,flamengo pra resenha até aqui,2026-03-19 19:11:23,,"o, tá"
Palmeiras,Tiago Rufo,@TiagoRufo,palmeiras vai tentar ganhar brasileirão 2026 grito? março os varas estão,2026-03-19 19:11:23,,"o, no, em, e"
Flamengo,Andressa,@andressapaula98,"tô arrependida pq não fui pro maracanã meu tio, vergonha 28 anos cara nunca fui jogo flamengo.",2026-03-19 19:11:23,,"com, isso, é, uma, na, e, no, do"
Flamengo,𝐉𝐨 ᶜʳᶠ,@Jojo_t24,vai pra cima flamengo,2026-03-19 19:11:23,"VamosFlamengo, Brasileirão2026, FLAxREM",
Palmeiras,dOm PeRiGoN,@BassiSep,jogando pelo palmeiras vc queria q falasse oq? inocente mano,2026-03-19 19:11:23,,"ele, para, de, ser"
Flamengo,FLAnático,@_flanatico,marcação flamengo péssima hoje,2026-03-19 19:11:23,,"do, tá"
São Paulo,camila,@cvezinha,nasceu capital silêncio nasceu qualquer lugar país mudou pra são paulo pode falar,2026-03-19 19:11:23,,"na, em, do, e"
Flamengo,Jurídico do Erick Pulgarᶜʳᶠ ⁴ˣ,@fladudex,flamengo tomando sufoco remo kkkkkkk vou me matar,2026-03-19 19:11:23,,"do, eu"
Flamengo,Raisa Simplicio,@simpraisa,flamengo dificuldades dando muito espaço ao remo. precisa ajustar defensivamente,2026-03-19 19:11:23,,"com, e"
Botafogo,Maria Júlia é TETRACAMPEÃ DA AMÉRICA,@majubraz3,falei pra vcs seria difícil kkkkkkk mas me mandaram torcer pro botafogo sendo só tava falando tava cartas,2026-03-19 19:11:23,,"eu, que, que, eu, o, que, nas"
Cruzeiro,julia,@juliadoflamengo,amassaram cruzeiro pra tomar sufoco remo,2026-03-19 19:11:23,,"o, do"
Flamengo,dayᶜʳᶠ É TETRA!!!!,@arraxcareizinho,acorda flamengo time filho puta,2026-03-19 19:11:23,,da
Flamengo,Gerd Dudenhoeffer,@Gerduden,não possível flamengo vai dificultar jogo,2026-03-19 19:11:23,,"é, que, esse"
Flamengo,@aIisoncrf,·,remo jogando melhor flamengo kkkkkkkkkkkkkkkkk,2026-03-19 19:13:23,,"do, que, o"
Flamengo,Pam,@crflimaa7,não vai ter jogo flamengo ano chuva maracanã? kkk pqp,2026-03-19 19:11:23,,"um, do, esse, sem, no"
Flamengo,Magno Fernandes,@Cf27Magno,"início jogo compacto, tocando bola até criando tentativas ao gol, como há pouco vitor bueno também manga. mas flamengo perigoso quando vai ao ataque. jogo bom segue: 0 x 0.",2026-03-19 19:11:23,,"o, tem, um, de, a, e, foi, com, e, o, é, tá, e"
Flamengo,Iago,@IagoNigri,flamengo brincando verdade,2026-03-19 19:11:23,,"ta, com, a"
Flamengo,Eduardo,@dudu_jnr,• flamengo tomando sufoco remo?,2026-03-19 19:11:23,,"e, o, do"
São Paulo,stillunknown,@rrrejr,"esses fdps não pagaram real aluguel interlagos pra prefeitura são paulo, mas ainda assim não investiram porra easyfloor ou medidas pra evitar lama festival! vsf lollapalooza",2026-03-19 19:11:23,,"um, do, de, de, na, de, em, no"
Santos,fds,@Suedeheadw,"inegável impacto raiam santos sociedade brasileira, mestre sociólogo",2026-03-19 19:11:23,,"o, de, na"
Flamengo,licyTRETACAMPEÃ,@Allicesilva12,flamengo brincadeira vtnc porra,2026-03-19 19:11:23,,"tá, de"
Santos,Xereca Xerequinha Xerecão,@ghuoguo5454,lembro pessoal venerando silvio santos num video q falava q escondia primeira esposa kkkkkk tipo olha como amadureceu,2026-03-19 19:11:23,,"do, o, ele, a, ele"
São Paulo,Pato Gutiérrez B.,@patricioguti,são paulo. cienciano macará juventud,2026-03-19 19:11:23,,
Corinthians,bruna,@BJortini,"volta protagonista! acabou depressão, quero todos sorrindo sendo feliz, bebeto voltou salvar corinthians.",2026-03-19 19:11:23,VaiCorinthians,"a, do, a, e, para, o"
Flamengo,Maracanã,@maracana,"fim jogo maracanãzinho! jogo recheado emoções, flamengo vence pinheiros 80 75 pelo ! vamos juntos, !",2026-03-19 19:11:23,OrgulhodaNação,"de, no, em, um, de, o, o, por, a"
Flamengo,TETRAFLANISTA,@Flamengo150691,"normal, pro flamengo vai sempre muito difícil, ainda mais depois boca aberta bap falar estava cagando dinheiro. aí daqui pouco nada criciúma vida chega lá compra 2 biscoitos guaraná natural 10 minutos negociação.",2026-03-19 19:11:23,,"ser, que, o, do, foi, que, a, do, o, um, da, e, ele, por, e, um, com, de"
Flamengo,Mateus,@teuterr0,reno fazendo flamengo puta,2026-03-19 19:11:23,,"o, o, de"
Internacional,ravi (⁠⇀⁠‸⁠↼⁠‶⁠),@vhsoogyu,"gente caso alguem n saiba hj dia internacional viado (sim to fazendo aniversario (sim to fazendo 24 anos, idade mais temida pelos homens cishet (me deem parabens",2026-03-19 19:11:23,,"e, o, do, eu, a"
Flamengo,Helio Menezes,@mnz1895,quero saber hora time vagabundo flamengo entrará campo. estão jogando preguiça caralho dando espaço pra time várzea remo.,2026-03-19 19:11:23,,"que, esse, do, em, com, uma, do, e, esse, de, do"
Grêmio,Muty,@on_muty,quando ir pro t2 vou todos jogos grêmio,2026-03-19 19:11:23,,"eu, eu, para, do"
Flamengo,Regina Oliveira,@ReginaOliv2116,"trikas são energúmenos, uniram ao flamengo pra manchar campeonato mas fazem burros ou são mesmo",2026-03-19 19:11:23,,"se, o, se, de, o"
Flamengo,gabigolo,@gabigolu,flamengo você esta me assustando,2026-03-19 19:11:23,,
Flamengo,𝑳𝒖𝒄𝒄𝒂,@LuccaCrfx,remo aproveitando os erros flamengo lançando bola costas defesa velocidade,2026-03-19 19:11:23,,"do, e, nas, da, em"
Santos,Maithe,@maithe_sz,tweet minha prima parar num perfil santos? coisa mais aleatória dia ver pessoal revoltadinho vida alheia,2026-03-19 19:11:23,,"e, o, da, que, foi, do, a, do, é, o, com, a"
Flamengo,isa,@isawlk,sim flamengo vai tomar gol alef manga.,2026-03-19 19:11:23,,"o, do"
Flamengo,babe beck,@ogbbygirl,ganha flamengo ganha porra,2026-03-19 19:11:23,,
Vasco,Fabrício Coelho,@fabriciocoelho,nunca vi video escrotizasse à toa vasco.,2026-03-19 19:11:23,,"em, que, ele, o"
Corinthians,Evelyn,@its_evell,corinthians remo perder hj me mato,2026-03-19 19:11:23,,"se, o, e, o, eu"
Grêmio,Iago Ferreira,@arquiteto_iago,início segundo tempo grêmio x vitória. percebi primeiro tempo distância entre as equipes não tão grande. possível vitória empatar jogo.,2026-03-19 19:11:23,,"do, de, que, no, a, é, é, o, esse"
Grêmio,caminha,@caminhaluiiz,uniforme lindo grêmio meu deus,2026-03-19 19:11:23,,"que, do"
Flamengo,Lyh⁸¹ ¹⁹ ²² ²⁵,@lyviacsillvaa,"flamengo pra ganhar hoje, acho q não ficou claro",2026-03-19 19:11:23,,é
Flamengo,Gutiery luis,@estarossa77,espero clube regatas flamengo não estrague minha noite hoje,2026-03-19 19:11:23,,"que, o, de, do"
São Paulo,camila,@cvezinha,sinto só direito chamar caipira caipira quem também caipira hoje dia mora são paulo contrário silêncio,2026-03-19 19:11:23,,"que, tem, de, de, é, e, em, em, do"
Vasco,O Paysandu me deu depressão,@matheuslamonte,argumentos? vasco ganhou ano passado?,2026-03-19 19:11:23,,"sem, o, o, que"
Flamengo,Buddy Poke,@Sammuell_becker,remo batendo frente flamengo meu medo era exatamente,2026-03-19 19:11:23,,"tá, de, com, o, e, isso"
Fluminense,Thomé ◤✠◢,@tuliothome,"sim amigo, só fluminense elenco dm problema reposição",2026-03-19 19:11:23,,"o, tem, no, e, com, de"
São Paulo,iG Esporte,@igesporte,"leila pede diretor são paulo baixar bola: ""histérico""",2026-03-19 19:11:23,,"para, do, a"
Palmeiras,Canal GOAT,@CanalGOATBR,vale vaga final! as crias academia campo! entra gramado pela semifinal libertadores sub-20. desafio contra santiago wanderers (uru) promessa jogaço!,2026-03-19 19:11:23,,"na, da, em, o, no, da, o, é, o, e, a, é, de, um"
Santos,O Rei da Camisa 10!,@OReiDaCamisa10,"neymar sobre troca técnico santos. os jogadores precisam mudar postura, fizerem estão fazendo, nada irá mudar.",2026-03-19 19:11:23,,"a, de, no, que, de, se, o, que"
Vasco,Filho-Glauber,@Glauber89,"sempre protejo algum perna elencos vasco, pumita deles. não primazia, nem pra titular. mas quando entra bem assim sempre garante algo",2026-03-19 19:11:23,,"dos, do, e, o, é, um, é, uma, ser"
Grêmio,HIGOR,@Fute_RS,"vou assistir sorteio, sair gol grêmio x vitória me gritem, tô juventude x águia rádio",2026-03-19 19:11:23,,"o, se, em, com, no"
Flamengo,Daniel Aquino #ForaBAP,@Aquino_Daniel00,as faltas criadas pelo árbitro jogo flamengo x remo comprovação árbitro brasileiro tenta equilibrar jogo ao máximo.,2026-03-19 19:10:23,,"no, é, a, de, que, o"
Flamengo,wand,@passalittle,"juro ouvi narrador falando está jogo time só referindo ao flamengo, não estou vendo não",2026-03-19 19:10:23,flaxrem,"eu, que, eu, o, que, um, de, um, se, é, o, que"
Botafogo,Lipe ˢᵖᶠᶜ,@LipePark_,tanto quanto torcida botafogo.,2026-03-19 19:10:23,,"a, do"
Flamengo,borntobegauche,@borntobegauche,"sendo vencedor copeiro renato gaucho eliminado pelo lanús, futebol absurdamente pobre. aliás, não lembro qual última vez vencedor copeiro renato gaúcho não foi, fato, vencedor. porque desde flamengo perdendo decisão.",2026-03-19 19:10:23,,"que, o, foi, com, um, eu, foi, a, que, o, de, o, tá"
Flamengo,Double G,@M0RTASSO,"ano vem meta ir algum jogo final flamengo maracanã, mas claro, chegar alguma final né rsrs.",2026-03-19 19:10:23,,"que, a, é, em, de, do, no, se, em"
Palmeiras,Enelcamarin.cl,@enelcamarin,banca palmeiras 14. luiz fernando 12. heitor guerra 8. ruan yago 16. guilherme nogueira 7. eduardo 11. victor gabriel 18. antônio marcos 20. felipe teresa,2026-03-19 19:10:23,LibertadoresSub20xEEC,
Grêmio,Gustavo FFC,@GustavoEF23,problema grêmio não está produzindo tanto pros centroavantes,2026-03-19 19:10:23,,"é, que, o"
Flamengo,Danielpf,@danielpf1977,ruim força! piores já vi camisa flamengo!,2026-03-19 19:10:23,,"ele, é, com, um, dos, que, com, a, do"
Flamengo,rouças,@roucinhas,flamengo ritmo lento me irrita mt,2026-03-19 19:10:23,,em
Flamengo,Denes ᶜʳᶠ | TETRACAMPEÃO,@DenesCRF,flamengo ama toquinho pra trás lento. precisamos muito jogadores rápidos jovem,2026-03-19 19:10:23,,"e, de, e"
Flamengo,anna b.,@annaviable4,muito feliz flamengo cara,2026-03-19 19:10:23,,"ele, é, no"
Grêmio,rbtt,@rbettin_,mas grêmio x vitória bem interessado né kkk,2026-03-19 19:10:23,,"em, tá"
Corinthians,Aldo,@AldoHenrique89,"corinthians deveria jogar sempre camisa, sim representa",2026-03-19 19:10:23,,"o, com, essa, essa"
Flamengo,liv rozanov,@lovermahae,sera q flamengo perderia p ganhar 60 reais? kkkkkkkkkkk,2026-03-19 19:10:23,,"o, eu"
Botafogo,Maria Júlia é TETRACAMPEÃ DA AMÉRICA,@majubraz3,não me impressiona falei aqui dificuldade tiragem me mandaram torcer pro botafogo kkkkkkkkk,2026-03-19 19:10:23,,"da, na, e"
Cruzeiro,†,@Sr_Furtado,"grande goleiro só conquistava mineiro, brasileiro copa brasil. kkkkkk. rogério ceni sozinho mais história cruzeiro.",2026-03-19 19:10:23,,"o, que, e, do, tem, do, que, o"
Santos,TMC,@tmcnewsbr,"corpo adolescente desaparecida encontrado salvador; veja já sabe polícia civil investiga corpo encontrado capital baiana thamiris santos pereira, 14 anos, desaparecida após sair escola região metropolitana salvador transamérica",2026-03-19 19:10:23,,"de, é, em, o, que, se, se, o, na, é, de, dos, de, da, na, de"
Grêmio,someone#7,@7__someone__7,"mais jogos às 19h assistindo grêmio x vitória consegui fazer mais 1h esteira correndo andando, passou voando tempo, corri mais time.",2026-03-19 19:09:23,Brasileirão2026,"por, do, de, de, e, o, que, o"
Grêmio,Antedeguemon,@cioato_vicenzo,ihhh papai skin grêmio cheia aura deixou saudade upalelêeee *silêncio absoluto*,2026-03-19 19:09:23,,"e, essa, do, de, na"
Corinthians,C O R I N T H I A N,@thecorinthianbr,nada mais corinthians libertadores kkkkkk,2026-03-19 19:09:23,,"na, que, isso"
Fluminense,Bayern da Rocinha,@flatreteiro,botou mais torcida fluminense maracanã.,2026-03-19 19:09:23,,"e, o, que, que, o, no"
Corinthians,bruna,@BJortini,atenção vai corinthians (o mais aguardado!!!,2026-03-19 19:09:23,,
Flamengo,yare yare,@_RuindadePura_,indo apostar remo contra flamengo pra ganhar 1 milhão bet milagre acontecer,2026-03-19 19:09:23,,"no, o, na, se, um"
Fluminense,Máfia Informativa,@MafiosoDaBola,fluminense!,2026-03-19 19:09:23,,
Flamengo,Matheus,@MathEng_CRF,"fisicamente, mais início jogo flamengo compete bem, ganha duelos, corre campo. parece verdadeiramente saímos nosso pior período físico nesse primeiro semestre. bom, muito bom. agora jogar bola.",2026-03-19 19:09:23,,"um, de, que, que, do, tem, que"
Flamengo,Bruno Cabral Tetracampeão,@Brunoclcabral,"mauro, mas flamengo não começou bem.",2026-03-19 19:09:23,,o
Flamengo,Rafael,@crvgcruz1898,torcida flamengo / futt vergonha você,2026-03-19 19:09:23,,"do, tem, de"
Palmeiras,Fernando Pereira,@baratadeoculoss,consegue dizer qual velocidade atingida pelo jogador palmeiras camisa 30 chamado lucas evangelista nessa jogada.,2026-03-19 19:09:23,,"nos, a, do"
Santos,Eldiablo171,@171Eldiablo,"grandes problemas santos justamente neymar como disse aí , só os jogadores não mudarem atitude nada adianta . começar",2026-03-19 19:09:23,,"um, dos, do, é, o, ele, a, de, a, por, ele"
Flamengo,Paulo Freitas,@phfreitas1971,"parabéns ao empresário emerson royal, vc brabo",2026-03-19 19:09:23,,"do, é"
São Paulo,Campeão de tudo,@jamerso71447765,as vítimas acham são paulo está errado,2026-03-19 19:09:23,,"que, que, o"
Flamengo,ᶜʳᶠ ᶠᶜᵇ madu,@mariabciarla,não possível flamengo tomando sustos remo pelo amor deus,2026-03-19 19:09:23,,"é, que, o, tá, uns, do, de"
Flamengo,didi,@wtfhilds,meu primo vai toma pau p flamengo hj tadinnn,2026-03-19 19:09:23,,um
Flamengo,lucas cruz 13,@lucaxcmd,contei 7 jogadores banco reservas flamengo seriam titulares galo kkkkkkk,2026-03-19 19:09:23,,"do, de, do, que, no"
Flamengo,nady di palma.,@wifeofmiss,acho graça flamengo acha jogo já ganho ficam gracinha porra campo,2026-03-19 19:09:23,,"que, esse, que, o, tá, e, de, na, do"
Flamengo,beatriz,@7crfbia,cara flamengo flamengar,2026-03-19 19:09:23,,"ta, a, do"
Botafogo,Nahuel Erazo,@NahuelEraz53056,"millonarios,blooming,botafogo",2026-03-19 19:09:23,,
São Paulo,felipe.,@lipeswill,"boa noite, são paulo",2026-03-19 19:09:23,,
Palmeiras,Daniel Prado,@Prado_DanielL,mundial pai palmeiras,2026-03-19 19:09:23,,do
Palmeiras,Spfc tricolor,@STricolor6146,kkkkkkk palmeiras quando ajudado:o sistema está contra gente .,2026-03-19 19:09:23,,"é, a"
Grêmio,Roger Klotz,@rogerklotzz,"nesse caso, só acho faltou cartão amarelo simulação pro jogador grêmio",2026-03-19 19:09:23,,"eu, que, o, por, do"
Flamengo,Lucas Cruz,@LucasCruzl,"arrascaeta não controlador, jogar pra finalizar jogadas. derrocada dele será ascenção paquetá.",2026-03-19 19:09:23,flamengo,"é, é, a, a, do"
Fluminense,Ruan Lancini,@LanciniRua72893,levou mais vasco x fluminense,2026-03-19 19:09:23,,que
Flamengo,hater do MSSanto,@msantosemamigos,onde passando jogo flamengo?,2026-03-19 19:09:23,,"ta, esse, do"
Corinthians,Poli,@barbosapoli,coisa temos certeza grupo corinthians libertadores teremos algum carrasco nosso,2026-03-19 19:09:23,,"de, uma, no, do, na"
Cruzeiro,sa e daniel,@lucassilvx,delaytoria cruzeiro eh mt burra meu deus,2026-03-19 19:09:23,,"a, do"
Flamengo,PES MIL GRAU,@Pesgrau,"flamengo promoveu campanha contra racismo antes partida contra remo maracanã. palavra emerson royal: “nação, hora maracanã inteiro levantar contra preconceito racial. flamengo nação juntos contra racismo. façam gesto comigo!”",2026-03-19 19:09:23,,"o, uma, o, da, o, no, com, a, é, de, o, se, o, e, o, o"
Santos,José Geraldo Zichia Junior,@zichia_jose,nenhum deles está à altura tamanho santos pelé.,2026-03-19 19:09:23,,"do, do, de"
Botafogo,EL PIBE LENCINA NOS DARA ALEGRIAS,@lencinismo_39,"caracas, audax italiano, botafogo",2026-03-19 19:09:23,,
Santos,Bruno Eduardo,@BrunnoDu7,nenhum deles pelo santos,2026-03-19 19:09:23,,
Flamengo,lysᰔᩚ,@whyslysf,show horror primeiro tempo flamengo,2026-03-19 19:09:23,FLAxREM,"o, de, esse, do"
Flamengo,mariah é tetra e enea,@MariahConc,remo ja criou mais flamengo absurdo,2026-03-19 19:08:23,,"que, o"
Flamengo,cacau & lua,@viuvoreze,claro remo jogaria bem contra flamengo,2026-03-19 19:08:23,,"é, que, o, o"
Fluminense,Caique,@Caique12ffc,fluminense cerro custo platense,2026-03-19 19:08:23,,
Internacional,Universo Ofertas,@universoofertas,boticário dia internacional perfumaria: escolha sua fragrância até 50% desconto! oferta válida até 22/03/2026,2026-03-19 19:08:23,parceria,"o, da, com, de"
Corinthians,BL,@b_luanav,só quero vitória corinthians hoje,2026-03-19 19:08:23,,"a, do"
Flamengo,Dribla Aí,@oficialdriblai,toda cara flamengo vai tomar gol remo kkkkkkkkkkkkkkkkkkkkkkkk,2026-03-19 19:08:23,"FlamengoTV, Flamengo","ta, a, que, o, um, do"
Botafogo,faustt_carp,@Fausto80177821,"cienciano, audax italiano, botafogo",2026-03-19 19:08:23,,
Santos,katlyn,@boer_katlyn,"viver santos últimos anos sido pior coisa minha vida, dói falar",2026-03-19 19:08:23,,"o, nos, tem, a, na, isso"
Palmeiras,Daniel Filho,@dani_filho,"ué, duas últimas coletivas pós-jogo palmeiras abel reclamou arbitragem daquela partida ano agora spfc trouxe ""uma responsabilidade muito grande pra única pessoa""? postura oportunista irresponsável abel todo",2026-03-19 19:08:23,,"nas, do, o, da, no, foi, o, que, uma, a, e, é, do, em"
Botafogo,FogãoNET ★彡,@fogaonet,"botafogo negociações avançadas contratar anthony, zagueiro goiás",2026-03-19 19:08:23,,"tem, para, do"
Flamengo,@i7zinxcrf,·,"acho sou muito chato, porque fico puto quando flamengo joga brasileiro patch libertadores camisa",2026-03-19 19:13:23,,"eu, que, eu, o, o, com, o, da, na"
Flamengo,igão,@iggor_s,"difícil dms assistir jogo flamengo, toda semana plataforma diferente",2026-03-19 19:08:23,,"um, do, é, em, uma"
Flamengo,Teu Anjo,@teu__anjo,cara flamengo toma gol só pra acabar cartola galera kkkkkkkkk,2026-03-19 19:08:23,,"ta, a, do, um, com, o, da"
Flamengo,jonil de souza,@de_jonil,vem outra vez flamengo atrás tentando ir pela lateral direita vem marcelinho marlon kayky tchamba bola flamengo,2026-03-19 19:08:23,,"e, com, o"
Flamengo,Bruna,@brunaascrf,capaz flamengo pegar todas as altitudes possiveis nessa fase grupos libertadores,2026-03-19 19:08:23,,"do, de, da"
Flamengo,Bruno Lima,@BrunoLimaBRSL,remo só joga bem contra flamengo??? produção???,2026-03-19 19:08:23,,"o, o, que, é, isso"
Cruzeiro,Polly Cruzeirense,@Poyy025,sacanagem dá tempo janela nacional fecha dia 27,2026-03-19 19:08:23,,a
Flamengo,Eduᶜʳᶠ,@EduCRFlamengo,"apresento novo lateral ambidestro rorela, flamengo.",2026-03-19 19:08:23,,"o, do"
Palmeiras,Rafael Sabino ℗,@rafaelsabino777,daqui pouco têm palmeiras libertadores sub-20,2026-03-19 19:08:23,,"a, na"
Flamengo,taisa,@Taisasouveira,flamengo brincando,2026-03-19 19:08:23,,"o, ta"
Santos,Muca,@amazonidacego,santos contratou cara,2026-03-19 19:08:23,,"o, esse"
Fluminense,†,@Sr_Furtado,"fábio, alérgico títulos internacionais? quantos conquistou cruzeiro? teve ir fluminense ganhar libertadores. ceni infinitamente superior qualquer fundamento.",2026-03-19 19:08:23,,"o, a, ele, no, de, para, o, para, uma, é, a, ele, em"
Flamengo,Luiz Filipe Carneiro,@luizfilipecm,não tô achando jogo flamengo app prime. assino première lá. só flamengo não tô encontrando.,2026-03-19 19:08:23,,"o, do, no, do, e, eu, o, por, o, do, eu"
Cruzeiro,bia 3/45,@b1asantos_,"não falei mentira nenhuma kkkk pessoal vivendo nárnia lá, criticar você não torcedor cruzeiro",2026-03-19 19:08:23,,"e, tá, em, se, é, do"
São Paulo,Portal Pietro Cogui,@PCogui,19h37 são paulo soma streamings soma canais pagos,2026-03-19 19:08:23,"SP2, CidadeAlerta, JornalDaBand, SBTBrasil, Antimatéria","em, dos, dos"
Fluminense,Roberto Alencar,@Roberto23976511,"sim, unanimidade chelsea, premier league, só pouco acima nivel campeonato portugues, conhece? fluminense, copa mundo clubes, seleçao idem, nada mudou, danilo unanimidade onde zagueiro ou lateral? nao existe qualquer",2026-03-19 19:08:23,,"no, um, do, de, foi, no, na, do, de, é, de"
Flamengo,lexia,@_alexias,flamengo vai levar gol remo,2026-03-19 19:08:23,,do
São Paulo,flor de maracujá,@nacordecanela,"pra mim defende elogia são paulo algum desvio caráter, não possível",2026-03-19 19:08:23,,"que, e, tem, de, e"
Flamengo,Bigode,@Bigode1895,flamengo veio pra resenha,2026-03-19 19:08:23,,
Flamengo,ysaᶜʳᶠ,@thislovsw,flamengo jogando pouco ruim,2026-03-19 19:08:23,,e
Corinthians,𝘣𝘳𝘰𝘯𝘹,@victorrootgtr,admirar torcida corinthians fez!!!,2026-03-19 19:08:23,,"é, de, se, o, que, a, do"
Fluminense,Fluminense ate morrer,@CezarImitando,sou torcedor fluminense mas real partir anos 90 fluminense piranha pro vasco,2026-03-19 19:08:23,,"do, a, é, que, a, dos, o, é, uma"
Botafogo,pedro,@chapeicrf,? jogaram juntos contra cruzeiro contra botafogo era sintético agora paquetá sendo poupado lógica kkkkkkkk,2026-03-19 19:06:23,,"o, o, e, o, tá, que, é, essa"
Flamengo,brendinha #Yilser,@brendamarcelabm,meu coração dividido hoje entre remo flamengo,2026-03-19 19:06:23,,"tá, e"
Flamengo,Dhiego Ferreira,@dhiferreira16,"muito lento ortiz meio-campo flamengo. já mudar time, jogo pro paquetá.",2026-03-19 19:06:23,,"o, e, o, do, tem, que, o, é"
Corinthians,@_psadelo,·,"assim né, dando as devidas proporções até sim agora comparação fria não, efeito estrutural ronaldo causou corinthians muito forte, memphis até tenta kkkk mas corrupção fala mais alto",2026-03-19 19:13:23,,"que, o, que, o, no, foi, o, a"
Fluminense,Pedro Vasco,@pedroscooby_1,mais torcedores remo hoje torcedores fluminense ontem,2026-03-19 19:06:23,,"tem, do, que, do"
Santos,Edson Panegassi,@eipanegassi,"beleza ultrapassado , vojvoda excelente pessoa , mas santos catado . thaciano entrando todos os jogos verissimo banco duas partidas colocar ze ivaldo titular , mim motivo justa causa , vc faz seu",2026-03-19 19:06:23,,"ele, é, o, é, uma, o, é, um, em, no, por, para, o, de, para, isso, é, de, se, isso, no"
Flamengo,André Dias Moreira,@DedezinhoDias,"os dois lances maior perigo partida foram remo, contra ataques acorda",2026-03-19 19:06:23,,"de, da, do, em"
Corinthians,#VAiSCCP,@VAiSCCP,l l ao vivo: chapecoense x corinthians (pré-jogo + narração ao vivo) | brasileirão 2026,2026-03-19 19:06:23,VAiSCCP,
São Paulo,Palmeiras da Razão,@PRazao32426,são paulo puta.,2026-03-19 19:06:23,,"o, é, uma"
Palmeiras,stevan palmeiras,@stevan77_,"ano passado palmeiras zagueiro, lateral volante, mesmo assim vice brasileirao rodadas finais, perdeu final liberta num lance bola parada, pq juizao nao quis expulsar pulgar primeiro tempo, time camisa sempre disputa",2026-03-19 19:06:23,,"o, sem, e, e, foi, do, nas, e, a, da, de, e, o, o, no, que, tem"
São Paulo,Igor Gadelha,@igorgadelham,"operação pf transferir vorcaro durou hora envolveu helicóptero elite corporação. mendonça deu decisão à tarde e, sequência, viajou são paulo, onde residência fixa. bastidores coluna, .",2026-03-19 19:05:23,,"da, para, uma, e, de, da, a, na, para, tem, na, no"
Santos,.,@marcelinhonj,"vc olhar insta face santos só nego defendendo cara. aqui tt mesmo, até página santos defendendo indefensável irmão.",2026-03-19 19:05:23,,"se, o, e, o, do, é, o, no, tem, do, o"
Vasco,FFC - Fracassado Football Club,@zuzufracassado,"zubeldia perdeu 3 jogos pro vasco caga todos os jogos importantes. passou semi carioca menos mérito fábio segundo jogo mas vai fazer campanha g6, eliminado tudo final vai ter gente defendendo fracassado ainda",2026-03-19 19:05:23,,"e, se, em, da, do, com, que, o, no, uma, de, ser, de, e, no, o"
Flamengo,Bruninha Teles,@bruninhad7,"estou assistindo: flamengo x remo ,pelo campeonato brasileiro.",2026-03-19 19:05:23,,eu
São Paulo,hawk ꩜,@tajmahawk,ainda bem não nasci são paulo puta pariu,2026-03-19 19:05:23,,"que, em, que"
Corinthians,Vhitor $SCCPimentel,@VhitorSelicani,fato ! libra implodiu depois corinthians saiu ! aceite liga soberana ! corinthians nunca vai aceitar sair maior liga fechar liga única vocês comando !,2026-03-19 19:05:23,,"isso, é, um, a, que, o, que, a, é, a, da, para, uma, com, no"
São Paulo,julia,@wonderinbutera,como pode cidade tão horrorosa como são paulo pqp jamais tera cunt rio,2026-03-19 19:05:23,,"que, uma, ser, o, do"
Flamengo,Rosselismo,@Rosselismo,flamengo.,2026-03-19 19:05:23,,
Flamengo,jurídico choke furadora de poços,@m4ngueh,oxente hj q flamengo come cu remo é?,2026-03-19 19:05:23,,"e, é, o, o, do"
Cruzeiro,?,@wsx2367,"hoje sinisterra cruzeiro, mas acho agora tarde demais, ja deve voltando pro antigo clube ...",2026-03-19 19:05:23,,"no, que, é, ta"
Santos,Onça Prime,@OncaPrime38747,"renan santos falou sobre bolsa família: “quem pode trabalhar, vai assista concorda ou discorda?",2026-03-19 19:05:23,"renansantos, bolsafamilia",o
Flamengo,gabi 𐙚,@gabrieLLasntsg,flamengo maldade,2026-03-19 19:05:23,,"o, ta, na"
Flamengo,@kookmies,·,torcendo pro flamengo dar pisa nesse remo nunca será paysandu sport clube,2026-03-19 19:13:23,,"uma, o"
Corinthians,Felipe Gotz ˢᶜᶜᵖ,@FehGotz,nunca tarde mais pra reconhecer sua própria burrice mau-caratismo kkkkkkk. saber qual motivo mudança repentina pq essas ratazanas nunca fizeram nada bom pelo corinthians,2026-03-19 19:05:23,,"é, de, a, e, tem, que, é, o, da, de"
Flamengo,Isley,@Isleycrf,sinto informar flamengo veio resenha,2026-03-19 19:05:23,,"que, o, para, a"
Flamengo,Cindia,@GomesCindiia,flamengo n me estressa hj pfv,2026-03-19 19:05:23,,
Botafogo,loco turco☆彡,@elloco131313,amo amar botafogo kkk,2026-03-19 19:05:23,,"eu, o"
Vasco,@mo_mogolic0,·,river vasco gama macará carabobo,2026-03-19 19:13:23,,da
Santos,Faby! AMI OLYMPIC MEDALIST,@seydouxswife,calma trinity santos hj to sua costa pra defesa,2026-03-19 19:05:23,,"eu, na"
Fluminense,"torcedor do time de puta,viado e ladrão",@izaquecpaes21,"pedro, cara fluminense tinha potencial pra aberração atacante",2026-03-19 19:05:23,,"esse, no, ser, uma, de"
Botafogo,Leonardo Bessa,@Bessa_Leo,"veja fala correa, botafogo, gerou discussão marlon freitas: 'pior capitão' |",2026-03-19 19:05:23,,"de, do, que, com"
Corinthians,Itatiaia Esporte,@itatiaiaesporte,diretor responde corinthians pode contratar arthur cabral clique aqui saiba mais,2026-03-19 19:05:23,,"se, o, e"
Corinthians,Snow |,@snowsccp,reforço pro corinthians,2026-03-19 19:05:23,,
Santos,Daniel NatanYahu,@DanielNatanYahu,"opa, bom dia capitão felipe santos, agora começamos calar as mulheres, quando está liberado bater ? aguardando ordem capitão",2026-03-19 19:05:23,,"que, a, a"
Santos,Ana Canhedo,@anacanhedo,santos vai participar sul-americana outros nove campeões libertadores,2026-03-19 19:05:23,,"de, uma, com, de"
Flamengo,Renato M. Prado,@RMPoficial,flamengo dificuldade superar retranca remo exposto aos contra-ataques.,2026-03-19 19:05:23,,"com, de, a, do, e"
Flamengo,Raki SSPORTS,@RakiSsport45488,flamengo x remo ao vivo hoje jogo completo 2026 hd grêmio x vitória ao vivo hoje jogo completo 2026 hd tvlink s,2026-03-19 19:05:23,,
São Paulo,Kai ⚢ ⋆｡°✩ ₁ ₆ ₄ ₄,@aliencornyu,odeio gente não reconhece são paulo ny brasileira,2026-03-19 19:05:23,,"que, que, é, a"
Flamengo,Ttew é Tetra,@VulgoVogas10,"vtnc, flamengo tinha entupir time ruim remo logo",2026-03-19 19:05:23,,"que, esse, do"
Cruzeiro,Heli Eustaquio dos S,@EustaquioHeli,"arthur jorge pedir 5 jogadores , cruzeiro não passa primeira fase",2026-03-19 19:05:23,,"tem, que, uns, da"
Flamengo,Greed,@GreedYZI,cara torcida flamengo desgraça tao puxando duas musicas diferente ao mesmo tempo pqp dificuldade cantar mesmo ritmo assustadora,2026-03-19 19:05:23,,"do, é, uma, a, de, no, e"
Grêmio,Marrana Nunes,@marrananunes03,quando vou ter amor pra me presentear camiseta grêmio,2026-03-19 19:05:23,,"eu, um, com, uma, do"
Fluminense,Magic Narváez,@MagicNarvaez,fluminense bolivar junior barcelona,2026-03-19 19:05:23,,
Flamengo,minasi,@spidersonny,cara flamengo tomar gol alef manga,2026-03-19 19:05:23,,"ta, a, do, do"
Internacional,Celeiro de Ases,@Celeiro_Ases,"formado internacional, goleiro construiu sua história desde base até tornar melhores mundo posição. defendendo seleção brasileira, ídolo colorado vive expectativa disputar sua terceira copa mundo busca hexa. celeiro mundo.",2026-03-19 19:05:23,,"no, o, a, se, um, dos, do, na, a, o, a, de, do, em, do, do, para, o"
Atlético Mineiro,app Ranking do Futebol ᶜᵃᵐ ᴳᴬᴸᴼ,@danielgalim,"saf, ops safadeza, clube atlético mineiro não quis fazer recuperação judicial porque os bancos donos são os principais credores, como recorrer cancelar?",2026-03-19 19:05:23,,"a, do, dos, tem, para"
Flamengo,Simone Soares,@simoneebelinha,sabia time remo daria trabalho ao flamengo. os caras vão jogar vida.,2026-03-19 19:05:23,FLAxREM,"eu, que, esse, do, a"
Internacional,xivdd,@bcldani,agora gosta pinto costa vai la entender os sportinguista esta enorme potencia internacional,2026-03-19 19:05:23,,"do, da, se"
Santos,Pedro Bonavita,@bonavitapedro,proprio santos gabigol bate melhor,2026-03-19 19:05:23,,"e, no, tem, o, que"
Botafogo,PALESTRA 1914.,@FranciscoA46280,"palmeiras jogou bem contra botafogo, fez os 2 gols sentou placar. correu risco levar gol empate, teve bola pés pra fazer vários gols mais não fez.",2026-03-19 19:05:23,,"o, o, e, se, no, o, de, o, do, nos"
Flamengo,Vitória.,@costtellaziione,pressão flamengo tomando pro remo?,2026-03-19 19:05:23,,"que, é, essa, que, o, tá"
Flamengo,jonil de souza,@de_jonil,lateral erick pulgar começa tudo atrás novamente flamengo agora tocando querendo achar vespsço jorginho kayky chuta pra frente,2026-03-19 19:05:23,,"com, e, e"
Corinthians,barbarah,@futselemixer,spurs corinthians são primos,2026-03-19 19:04:23,,e
Flamengo,Fim de Jogo/Veiga de Almeida,@fimdejogoaguva,termina maracanãzinho! vitória flamengo virada encima pinheiros fla 80x75 pin,2026-03-19 19:04:23,nbb,"no, do, de, do"
Santos,A BOLA,@abolapt,«cristiano ronaldo? lionel messi? neymar maior toda gente!» leia aqui:,2026-03-19 19:04:23,"futebol, internacional, cristianoronaldo, neymar, messi, santos, brasil","é, que, a"
Flamengo,lavoras,@lavorasvei,flamengo doidin pra tomar gol desses bagres ataque remo,2026-03-19 19:04:23,,"um, do, do"
Fluminense,Coelho,@Silva_coelh00,mesmo criadores campeão terceira rodada. vem aí campeão ganhei fluminense.,2026-03-19 19:04:23,,"dos, do, da, do, do"
Flamengo,Pr Alexandre Oliveira ,@PrAlexandreOli3,"estava acompanhando basquete rubro negro. jogão, muito equilibrado. final jogo flamengo 77 x 73 pinheiros. partiu ver mengão futebol. grande virada.",2026-03-19 19:04:23,"VamosFlamengo, NBB","o, de, no"
Flamengo,Dantas,@flamenguistacwb,muito bom ouvir torcida cantando todos pulmões,2026-03-19 19:04:23,"Flamengo, FLAxREM","a, a"
Cruzeiro,só falo do CEC,@mmg4991,"elenco cruzeiro cheio acomodado. só pereira, romero, villalba, kaiki, kj cássio chamam responsabilidade si durante jogo. resto acomodado dentro campo.",2026-03-19 19:04:23,,"esse, do, tá, de, e, a, para, o, o, é, de"
Santos,TioSandman,@TioSandmanLTD,"maluco roubou gente contra santos, imagina contra filho arbitragem.",2026-03-19 19:04:23,,"a, o, o, da"
Grêmio,Cíntia MP,@CMP081,"bah, excesso dourado novo uniforme grêmio. desnecessário.",2026-03-19 19:04:23,,"que, de, no, do"
Flamengo,Garrafão Rubro-Negro,@GarrafaoRN,"lá - negrete decisivo último quarto, flamengo grande vitória contra pinheiros gui deodato shaq jonhson fizeram ótima partida nesta noite encerrado flamengo 80 x 75 pinheiros juliana nascimento/flamengo",2026-03-19 19:04:23,,"ele, com, no, tem, o, e"
Flamengo,Pique cachaceiro,@p_cachaceiro_,vai dar dó desse remo ai. flamengo vai meter mais 5,2026-03-19 19:04:23,,de
Flamengo,carol,@malikwhxre,printem to falando flamengo vai perder pro remo,2026-03-19 19:04:23,,"o, que, eu, o"
Botafogo,Emanuel Weinstein,@eman9I2,palestino macara botafogo,2026-03-19 19:04:23,,
São Paulo,jpbmmeMG2,@PbGfernamg,"muito ruim ,a aguia ouro mancha imagem carnaval são paulo",2026-03-19 19:04:23,,"de, que, a, do, de"
Flamengo,Aneᶜʳᶠ,@annettwitta,flamengo vai resenhar hoje pqp,2026-03-19 19:04:23,,
Flamengo,west,@jaurealt,cara flamengo levar gol alef manga,2026-03-19 19:04:23,,"é, a, do, do"
Corinthians,Meu Timão,@MeuTimao,"sorteio fase grupos libertadores 2026 iniciando, hein?! já deixou seu palpite os adversários corinthians?",2026-03-19 19:04:23,,"da, de, da, para, do"
Vasco,Felipe Pinheiro,@Felipe_P76,nem parece mesmo time fez 3 gols como vasco conseguiu sofrer tanto lara vencer limitado envelhecido série c?,2026-03-19 19:04:23,,"o, que, o, o, e"
Vasco,VKSɿꞁᴎoꙅᴎi|moƚ,@Z0nasz4,somente vasco?,2026-03-19 19:04:23,,"ele, do"
Flamengo,ana #1 yuwu stan,@i6gumang,"flamengo começou daquele jeito: dormindo, nesses contra ataques pode acabar tomando",2026-03-19 19:04:23,FLAxREM,e
São Paulo,Aline Ferraz,@Fe6658650Aline,são paulo final xeque mate,2026-03-19 19:04:23,,de
Santos,Malakovits,@alvitos13,saiu junior santos uai.,2026-03-19 19:04:23,,o
Cruzeiro,Caio Warriors,@caio_warriors,já to vendo brincadeira boca cruzeiro always ready melhor time pote 4 ninguém sabe ainda melhor time pote 4,2026-03-19 19:04:23,,"a, o, do, que, que, é, o, do"
São Paulo,gabineu na monster pit,@gabrielsva,cheguei são paulo,2026-03-19 19:04:23,,
Flamengo,Fim de Jogo/Veiga de Almeida,@fimdejogoaguva,"flamengo chega perigo zaga corta, contra ataque remo também chega perigo. começo agitado maracanã. 9 min - flamengo 0x0 remo",2026-03-19 19:04:23,,"com, e, a, no, o, com, no"
Flamengo,Eduᶜʳᶠ,@Edu83079787,flamengo bem perdido nesse início,2026-03-19 19:04:23,,tá
Flamengo,Érika,@Erika_LaviniaC,mais finalização remo enquanto os atacantes flamengo ficam firula antes chutar,2026-03-19 19:04:23,,"e, uma, do, do, de, de"
Botafogo,João Pedro Fragoso,@jotapfragoso,"'pior capitão': saiba fala argentino botafogo irritou marlon freitas, palmeiras confusão escancarou insatisfação elenco alvinegro postura declarações atual volante alviverde …",2026-03-19 19:04:23,,"a, de, do, que, do, do, com, e, do, do"
Grêmio,Torcedor comum,@Sch_daniel,tinha quem queria trazer caíque,2026-03-19 19:04:23,,"e, esse, para, o"
Flamengo,Getúlio Cezar,@getulio_cezar,deixar alef manga baleia ortiz fudeu hein.,2026-03-19 19:04:23,Flamengo,"se, o, com, o"
São Paulo,Junior Santos.,@JuniorS29147723,"estado são paulo registrou 2025 menor taxa homicídios sua história brasil, média 5,53 mortes 100 mil habitantes entre nov/2024 out/2025. este índice histórico representa queda drástica relação às décadas anteriores",2026-03-19 19:04:23,,"o, de, em, a, de, de, e, do, com, de, por, e, uma, em"
São Paulo,José Geraldo Zichia Junior,@zichia_jose,você também oportunista dando resposta dirigente são paulo.,2026-03-19 19:04:23,,"foi, uma, para, o, do"
São Paulo,Matheus™,@omatheuzera,são paulo cienciano já caíram mesmo grupo alguma libertadores,2026-03-19 19:04:23,,"e, no, em"
Santos,Pedro,@pedroresendecam,"2026 já candidato, renan santos vamos tudo",2026-03-19 19:04:23,,"tem, com"
Flamengo,@pmerj,@PMERJ,"atua apoio ao durante duelo entre flamengo remo, maracanã, pelo campeonato brasileiro, garantir segurança torcedores.",2026-03-19 19:04:23,"BAC, BEPE, ServireProteger","o, em, o, e, no, para, a, dos"
Flamengo,André Dias Moreira,@DedezinhoDias,kkkkkkkkkkkkkkk impressionante como samu lino só chuta cima adversários vamos,2026-03-19 19:04:23,,"o, em, dos"
Flamengo,THALI$.,@Thsm_,"existem coisas inexplicáveis só acontecem ... como william arão, márcio araújo luiz araújo como titulares absolutos suas passagens pelo maior mundo. nunca vai entrar minha cabeça, pqp!",2026-03-19 19:04:23,"Flamengo, FlaxREM, VamosFlamengo","que, no, e, em, do, isso, na"
Corinthians,cint,@krsnshoyo,estou 100 reais mais pobre culpa corinthians,2026-03-19 19:04:23,,"e, a, é, do"
Santos,Guxta,@eo_guxta_,"pô irm, qualquer pessoa mínimo inteligência consegue saber q última cobrança mais pressão craque, ""ai mais tinha q bater primeiro"" blz, copa brasil passada santos caiu abrindo disputa mesmo assim desclassificado pro poderoso crb",2026-03-19 19:04:23,,"com, o, de, a, é, a, com, e, é, do, ele, o, do, com, ele, a, e, foi"
São Paulo,BRASILEIRÃO DA DEPRESSÃO,@br_dadepressao,"realmente leila pereira não reclama arbitragem, mas treinador seu time faz usa como método pressionar os árbitros. semana abel ferreira falando jogo contra são paulo brasileirão 2025. ontem mesmo chegou insinuar",2026-03-19 19:04:23,,"a, de, o, do, isso, e, isso, para, tem, uma, que, o, tá, do, o, no, de, ele, a, que, o"
São Paulo,les,@rphlsales,são paulo futebol clube,2026-03-19 19:04:23,,
Flamengo,luaᶜʳᶠ,@piwoncrf,meu deus flamengo tomando pressão remo,2026-03-19 19:04:23,,"o, ta, do"
Cruzeiro,Cruzei'Roll,@CruzeiRoll,"honestamente? não consigo culpar spindel, verdade. quem manda futebol cruzeiro pedro junio quem grana pedrinho. pra mim ordem sinalização elenco fechado não passa ele, só acatou lhe passaram.",2026-03-19 19:04:23,,"o, de, no, do, é, o, e, tem, a, é, o, a, e, de, por, o, que"
Palmeiras,Wanderley Carvalho,@Derley_SPFC_,"como podem tão ""imbecis"", as últimas vitórias palmeiras foram ajuda arbitragem, ajuda vocês não são nada!",2026-03-19 19:04:23,,"ser, do, com, de, sem"
Palmeiras,ryanzoca,@ryang_spfc,"parei ler quando você falou são paulo beneficiado palmeiras quatro, você vive mundo paralelo.",2026-03-19 19:04:23,,"de, que, o, foi, em, uma, e, o, em, em, um"
Cruzeiro,Laender,@claralaender,tanto time deve estar torcendo pra pegar cruzeiro agora libertadores kkkkkk,2026-03-19 19:04:23,,"o, de, que, o, na"
Flamengo,Isabella,@crftaev,8 minutos já pode acabar 2 finalizações remo cadê goleada me prometeram flamengo,2026-03-19 19:04:23,,"e, do, a, que, do"
Botafogo,el_kurco,@El_Kurko_pa,"caracas, audax italiano y botafogo.",2026-03-19 19:04:23,,
Corinthians,rogério paula silva trindade,@rogriopaulas,"essas duas taças aqui tenho meu quarto vc não sabe vendem site internet, vc, , torcida jamais vai ter time gigante não ganha apenas américa caro colega,time gigante ganha mundo inteiro meu me deu honra",2026-03-19 19:04:23,,"eu, no, se, eles, no, na, do, a, o, e, o, essa"
São Paulo,TITO ☆,@LittleAngelBoy2,só participantes são paulo??,2026-03-19 19:04:23,,"é, para, de"
Flamengo,X,@jumper2244,justifica burro hipócrita? você pessoas corroboram flamengo tenha fama torcida menor qi,2026-03-19 19:04:23,,"e, isso, ele, ser, e, é, um, das, que, para, que, o, a, de, ser, a, com, o"
São Paulo,Hellena,@hellamnnd,ótimo são paulo agora,2026-03-19 19:04:23,,"tem, um, em"
Cruzeiro,FLA MNZS,@leandro_mnzs01,cruzeiro leonardo jardim sofreu contra esses times joga retrancado,2026-03-19 19:03:23,,"do, que"
Santos,Duardokk,@Duardo_k0,"quero adm, santos ferrou legal ontem",2026-03-19 19:03:23,,em
Flamengo,L∆URA ASHCROFT ⚢,@lauraa_campbell,flamengo quando jogo contra brasil 1970// flamengo quando jogo contra chapecoense 2020,2026-03-19 19:03:23,,"o, é, o, de, o, é, a, de"
Fluminense,Pedro Henrique,@TrottaPedro,"digo torcida fluminense beira mediocridade, pega exemplo torcida vasco fez ontem aprende",2026-03-19 19:03:23,,"eu, que, a, do, a, de, o, que, a, do, e"
Vasco,Lidi VIU O DEUKAE E O UAU,@lidig4l,quando vi spinelli del valle contra vasco: loirinho desgraçado. agora: te amo he-man colinaaaaa,2026-03-19 19:03:23,,"eu, o, no, o, eu, da"
Flamengo,Plataforma nova,@MomentsMeM,bônus cadastro saque mínimo 5 depósito mínimo 5 100% seguro link: gilmar mendes neymar cafu usher flamengo remo grêmio vitória carlos vinicius milena jonas jordana,2026-03-19 19:03:23,"iFoodNoBBB26, PROTECT_OUR_SEVEN, LET_ENHYPEN_CREATE, bbb26",no
Flamengo,isa,@genetirney,flamengo ja perdeu boas chances,2026-03-19 19:03:23,,umas
Flamengo,gabs,@lsfmsgab,"como flamenguista bicolor vou comemorar tanto flamengo ganhar jogo, vai ganhar.",2026-03-19 19:03:23,,"eu, e, se, o, esse, e"
Cruzeiro,Pck Crz,@cruzeiropackers,parece cruzeiro tite atacando,2026-03-19 19:03:23,,"o, do"
Flamengo,Gustavo Henrique Dando Choque,@ghdandochoque,"1tp | 08' - uuuuuuhhhh!!! arrascaeta acha emerson royal cruza lino, camisa 16 domina chuta, bola explode zaga. fla 0x0 rem",2026-03-19 19:03:23,"FLAXREM, VamosFlamengo","que, para, o, e, a, na"
Cruzeiro,agatha¹⁶³³,@lecstappn,subtrama cruzeiro esporte clube:,2026-03-19 19:03:23,,"a, do"
Flamengo,Bruno Lima,@BrunoFlamengoRJ,"deu flabasquete cima pinheiros. passamos jogo quase todo atrás, mas flamengo mostrou flamengo!!!!!!",2026-03-19 19:03:23,,"em, do, o, que, é"
Internacional,dinossauros na revolução francesa,@darkgalena,não faz falta nenhuma continue longe tentando carreira internacional kk,2026-03-19 19:03:23,,"e, que"
Flamengo,𝚖𝟺𝚝𝚢ᶜʳᶠ,@matheusucrf,flamengo mania miserável complicar todos os jogos possíveis,2026-03-19 19:03:23,,"tem, uma, de"
Cruzeiro,Igor DG,@IgorDiasGomes1,"rsrsrsrsrs os caras esperam chegar ao fim janela, ter ""entendimento"" lanterna campeonato brasileiro, zero vitórias sete jogos, precisa reforços, coisa torcida já viu há dois meses?? faltando dar sacode nessa diretoria ...",2026-03-19 19:03:23,,"da, para, o, que, o, do, com, em, de, que, a, tá, é, um, do"
Flamengo,só funciono no frio da silva,@thiagoviniciusi,8 minutos jogo não fizemos gol remo espero estejam satisfeitos flamengo leonardo jardim,2026-03-19 19:03:23,,"de, e, no, que, com, o, de"
Flamengo,Marcelo Campos,@mccampos1969,"arbitragem fez tudo perder, mas mengão raça, suor paixão! 80x75 vai fuder, gustavinho! meeeennnngooooo",2026-03-19 19:03:23,,"a, de, para, o, o, é, e, se"
Internacional,César,@imccesar,"não existe noticia nenhuma grande mídia internacional morte dele, mas twitter como sempre levantando teorias mais teorias. vez vi gente dizendo biden era clone, rainha elizabeth era alien, musk era alien, m. jackson vivo pqp só maluco aqui",2026-03-19 19:03:23,,"na, da, o, e, uma, que, um, um, um, ta, tem"
São Paulo,Līlā ॐ,@oitinerio,"visão são paulo mostra ponte ""estreita como fio cabelo"", liga nosso mundo ao paraíso. mesma imagem encontra entre os escritores os místicos árabes: ponte ""mais estreita fio cabelo"" liga terra às esferas astrais ao paraíso. tal",2026-03-19 19:03:23,,"a, de, nos, uma, um, de, que, a, se, e, a, é, do, que, um, de, e, a, e"
Cruzeiro,Marcelo Melo,@MarceloMeloCec,era pra dia especial pra gente sorteio libertadores mas clube ter wur abrir mao dessa copa causa amadorismo cruzeiro ter focar nao cair pra serie b deixou todos desanimados. muitos nem sabem sorteio hoje.,2026-03-19 19:03:23,,"ser, um, com, o, da, o, por, do, do, e, que, em, que, o, é"
Botafogo,Juanfer y 10 mas,@18Achikon,grupo c river palestino city torque botafogo,2026-03-19 19:03:23,,
Vasco,NJ,@nunnojerez,"segundo amodeo, “questões estratégicas”, aparentemente vasco só não quer jogar lá kkkkkk inclusive, os jogos não são cumulativos ano, ou seja, perdemos direito aos 4 jogos ano passado (3 considerar final corinthians)",2026-03-19 19:03:23,,"o, é, por, o, por, do, se, a, com, o"
Grêmio,Grêmio FBPA,@Gremio,"recomeça jogo. vamos, grêmio! 1x0 vitória",2026-03-19 19:03:23,"Grêmio, GRExVIT, Brasileirão2026",o
Vasco,Masillo,@Masilloo,river vasco independiente botafogo,2026-03-19 19:03:23,,
Fluminense,Fechineᶠᶠᶜ,@AndrLuizFilho2,"fluminense, universitário, junior sporting",2026-03-19 19:03:23,,e
Fluminense,Alexandre N.,@Lex_N,ainda há outra questão acho importante relação jogos entre fluminense vasco: fato justiça rj ter lavado as mãos caso scudi. muita gente fica preocupação próxima vítima não ter quem recorrer caso ocorra algo.,2026-03-19 19:03:23,,"e, uma, que, em, a, e, o, da, do, no, do, com, a, de, ser, a, e, a"
Grêmio,Bilizin,@OCarlosVinicius,camisa grêmio fosse tricolor até as mangas ia perfeita,2026-03-19 19:03:23,,"se, a, do, ser"
Vasco,lua ☪︎⏾ Loquinha,@luasemna,"amg n assisto nãooo, mas meu pai vasco kkkkkkkkkkk",2026-03-19 19:03:23,,é
Flamengo,Thiago Cosenza,@thcosenza,"arrombado desse falso9, flamengotv, cornetando pedro. porra essa?????",2026-03-19 19:03:23,,"o, na, o, que, é"
Flamengo,Arrascapeta,@_arrascapeta,gente não substitui grito “mengo ô ô ô” pelo “meeeeeeengo? acho muito mais empolgante.,2026-03-19 19:02:23,Flamengo,"por, que, a, esse, de"
Corinthians,FORA MARCELO TEIXEIRA,@Rtsantos13,infelizmente aqui não corinthians. não pressão as mulheres são desrespeitadas. minha solidariedade todas as sereias vila. lamento tenham passar todas torcedoras mulheres.,2026-03-19 19:02:23,"FORACUCA, ForaMarcelinhoTeixeira","é, o, tem, e, a, da, que, que, por, isso, e, a"
Flamengo,𝕲𝖗𝖆𝖟𝖎²⁸ zarry's all the time,@grztommo,"flamengo não mes faz vergonha, pelo amorrrr",2026-03-19 19:02:23,,
Flamengo,Tati Costa,@phtati,"ou compro camisa nova flamengo ou air fray nova,kkkkkkk ô vida pobre",2026-03-19 19:02:23,,"eu, uma, do, uma, de"
Botafogo,Machu!,@Machu_carp,cantado toca botafogo ?.,2026-03-19 19:02:23,,"que, nos, no"
Fluminense,Rodᶠᶠᶜ,@RodRichardLucas,perdemos pra mds fluminense faz sua torcida pqp,2026-03-19 19:02:23,,"isso, o, que, o, com"
Flamengo,Matheus Leal,@matheusleal1,"jorge carrascal, flamengo, convocado pela seleção colombiana próxima data-fifa.",2026-03-19 19:02:23,,"do, foi, para, a"
São Paulo,𝑐𝑙𝑎𝑟𝑖𝑛ℎ𝑎,@ruivamimada,pqp paulista eh muito chato vamo povoar sp cheio caipira ai qui ódio q tenho desse povo insuportável vocês pressa vcs criam regra voces espera wue todo mundo saiba ooooo mundinho diabo só demoníaco são paulo odeio são paulo,2026-03-19 19:02:23,,"de, eu, tem, do, que, de, e, do, tem, em, eu"
Corinthians,Mathias brasil,@Mathiasbr99,chapecoense já está arena condá tudo pronto confronto contra corinthians. bola vai rolar!,2026-03-19 19:02:23,"Chapecoense, Corinthians, Brasileirão, ArenaCondá","na, para, o, o, a"
Cruzeiro,Leito Iarley,@GonzalezLeo06,boca cruzeiro universidad católica sporting cristal,2026-03-19 19:02:23,,
Vasco,Marcel Bertolin Paixão,@mbertolin1,torcemos meu amigo! título detalhe! somos vasco gama apenas importa. seu fodido,2026-03-19 19:02:23,,"nós, é, nós, da, e, isso, é, que, nos"
Corinthians,PODCAST “FALANDO DE VASCO”,@ClaudioMar2614,kkkkk. pq vc colocou vídeo dele camisa corinthians? só nesse país mesmo…,2026-03-19 19:02:23,,"isso, foi, o, com, a, do"
Flamengo,𝚖𝟺𝚝𝚢ᶜʳᶠ,@matheusucrf,"flamengo sua mania complicar jogos poderiam """,2026-03-19 19:02:23,,"e, a, de, que, ser"
Internacional,Leo Ferreira ◤✠◢¹⁸⁹⁸,@LeonardoFeer,"são 3 situações diferentes. 1 sul-americana-> título inédito, vaga libertadores recopa, maior visibilidade internacional 2 copa brasil-> vaga libertadores, 15 anos s/ganhar, maior premiação 3 brasileirão-> vaga libertadores, 26 anos s/ganhar, maior importância nacional",2026-03-19 19:02:23,,"e, do"
Flamengo,Sophia jota.𓅐,@Soso1148337,flamengo,2026-03-19 19:02:23,,
Flamengo,Leandro Boudakian,@LeBoudakian,"palmeiras semi liberta sub20, só colar pra assistir ao vivo, graça imagens! benedetti fora grande novidade. vale vaga final pra enfrentar flamengo domingo",2026-03-19 19:02:23,,"na, da, no, de, e, com, é, a, na, o, no"
Grêmio,Henrique Lima,@Henrique26Lima,"oh timizinho fraco grêmio, pqp!",2026-03-19 19:02:23,,"esse, do"
Palmeiras,Arthur MV ABC ☭,@Arthurg18702760,"não, pq bater criança antifascista coisa nazitrikas, aqui palmeiras gente apoia mlk fazer isso.",2026-03-19 19:02:23,,"em, é, de, no, a, o"
Atlético Mineiro,Leozin sfc,@0Leozinho77,??? falei outro comentário não treinou mas nenhum clube grande atlético mineiro não grande mesmo,2026-03-19 19:02:23,,"eu, no, que, ele, é, o, é"
São Paulo,guiˢᵖᶠᶜ,@guibobert,são paulo millonarios montevideo city torque deportivo riestra vc viu primeiro aqui.,2026-03-19 19:02:23,,
Flamengo,Remo Insider,@RemoInsider,"vitor bueno teve primeira chance real jogo, mas acabou lançando bola pra fora. não dá pra perder lance desse. remo reativo nesse começo, como esperado, flamengo trabalhando bola, mas as transições tão interessantes",2026-03-19 19:02:23,,"a, do, a, um, o, tá, com, o, a"
Flamengo,𝐁𝐢𝐚𝐧𝐜𝐚,@eubiancamesmo,vamoooooo flamengooo,2026-03-19 19:01:23,,
Vasco,Jotapê ᶜᵉᶜ,@Jpms_217,vasco já treinador,2026-03-19 19:01:23,,tem
Santos,Gustavo Martins Pereira,@Gustavo50926306,"as pessoas estão tratando neymar como fosse salvador pátria, mas vdd não consegue nem mesmo salvar santos.",2026-03-19 19:01:23,,"o, se, o, da, a, é, que, ele, o"
Cruzeiro,JcCardoso,@FloydNirva27138,"mundo futebol nada acaso tudo merecimento, saf cruzeiro não convicção nada merece fase ruim/lanterna!!",2026-03-19 19:01:23,,"no, do, é, por, e, por, se, a, tem, de, essa"
Santos,Fabio E. Restrepo,@fabioerestrepo,es tan brasilera como flavia santos.,2026-03-19 19:01:23,,dos
Corinthians,nina!,@niinasccp,sport club corinthians paulinha,2026-03-19 19:01:23,,
Palmeiras,CRF,@FutebolCariocaa,"está falando próprio técnico dela. agora imagina fala fosse ao contrário: ""mulher histérica"" rapaz, brasil ia parar. mas modus operandis palmeiras: só podem falar arbitragem. qdo alg fala ""ai"" corja toda vem público rebater. cínicos!!",2026-03-19 19:01:23,,"do, se, essa, o, esse, é, o, do, eles, da, um, a, a"
Santos,VegetaSantistaVagabundo,@sashimiri,"meu deus, estou sofrendo pelo santos como sofro quando perdi minha ex",2026-03-19 19:01:23,,
Santos,mara,@huracanbermudes,"00:08 je pense à toi, neymar silva santos junior.",2026-03-19 19:01:23,,da
Flamengo,jonil de souza,@de_jonil,vem ortiz léo pereira vem flamengo lino luiz araújo não conseguiu,2026-03-19 19:01:23,,e
Flamengo,Beatriz,@beatrizz_crf95,premiere nada meio transmissão flamengo x remo começou passar flamengo x vasco 2019 ??????,2026-03-19 19:01:23,,"no, do, no, da, de, a, de"
Santos,lili carabina ᶜʳᶠ,@lipypbi,"últimos 3 anos só comento futebol aqui, evito outros ambientes, cara quer me explicar impedimento nem falando assisto futebol desde 1995 lembro titulo bairro contra santos adianta, vou ao maracanã desde surreal!",2026-03-19 19:01:23,,"nos, em, tem, que, o, que, é, e, que, e, do, do, o, que"
Flamengo,gabi,@eugabizinhab,"bora flamengo, bora querer",2026-03-19 19:01:23,,
Flamengo,triZ,@hanibolha,ja era pra ter feito gol flamengo paia caralho,2026-03-19 19:01:23,,do
Flamengo,Gabriel,@Gaba_1914,aleluia estão posicionando. acho realmente impressionante como torcedores sp flamengo são os mais culhão todo brasil. grandes times não merecem tanto bundao chorão.,2026-03-19 19:01:23,,"se, eu, de, e, sem, de, o, que"
Palmeiras,Cleiton Ferreira,@Cleiton44833941,acho tudo orquestrado. leila paga propina arbitragem. abel vitimiza. terá outro erro arbitragem favor palmeiras (vocês duvidam). segue jogo.,2026-03-19 19:01:23,,"eu, que, é, a, para, a, o, se, da, a, do, e, o"
Fluminense,Israel,@israelflu,entrava todo jogo fluminense irritar.,2026-03-19 19:01:23,,"do, para, nos"
Palmeiras,Jean Carlos,@Jean107mil,palmeiras roubado ano passado perdeu dois títulos.,2026-03-19 19:01:23,,"por, isso, que, o, foi, e"
Corinthians,Mesbla & Mappin,@lcslx80,"esqueceu zagueiro henrique, capitão corinthians anos 90, ergueu taças taças, então, infelizmente, criou-se sim, mas não culpo, pois informação época era escassa.",2026-03-19 19:01:23,,"do, foi, do, nos, e, o, na"
Internacional,Johnatan 16,@Johnatan161,"mostra ai, tenha sido iniciada concluída nesse governo, escolhe qualquer tema, mas sugiro não escolher internacional, só vexame.",2026-03-19 19:01:23,,"uma, que, e, que, é"
Flamengo,rubi sem safira,@vmpiregrl__,"jogo flamengo hoje, bts hoje, homem aranha ano gratidão",2026-03-19 19:01:23,,"do, esse"
Flamengo,lia,@aanitrebil,meu primo confiante q remo vai ganhar flamengo,2026-03-19 19:01:23,,"tá, o, do"
Grêmio,Marcio,@Marcioporton,jogo olhando?? grêmio teve mais chance chute fora ou dentro área cruzamento si,2026-03-19 19:01:23,,"que, tu, tá, o, de, de, da, do, que, em"
São Paulo,raphinha,@raphadelreyy,somar só hoje fiquei 3horas dentro trânsito são paulo,2026-03-19 19:01:23,,"se, de, em"
Santos,Sanguetsu Namyl,@PehFla,neymar tinha zé rivaldo rony como companheiro. os dois times são limitados mas inter vinha contexto bem mais favorável santos. santos recém tomha acabado sair transferban exemplo,2026-03-19 19:01:23,,"e, o, e, o, de, um, que, o, esse, que, de, de, um, por"
Vasco,Vitinho Melo,@vitinhoMelo77,foda escolhi vasco,2026-03-19 19:00:23,,"que, eu, o"
Flamengo,JonFee88,@Jon88Fer,"como sempre, flamengo assustando ( nós), logo início jogo.",2026-03-19 19:00:23,FLAxREM,"o, no, do"
Santos,diabodefranja$$,@isisabrina,meu filho anakin santos,2026-03-19 19:00:23,,dos
Grêmio,Soccer News Grêmio,@soccergfbpa,recomeça jogo arena! brasileirão 2026: grêmio 1x0 vitória. pra cima deles!,2026-03-19 19:00:23,,"o, na"
Flamengo,lima,@Thiagodeelima,"fico louco primeira finalização jogo seja remo, pleno maracanã, porra flamengo fica driblando tocando dentro área desgraça time não chuta",2026-03-19 19:00:23,,"eu, que, a, do, do, em, a, do, e, da, que, de, que"
Vasco,Mídia Vascaína,@midiavascaina,tipo comentário muito bom. mostra bem quanto somos torcidas distintas. torcedor vasco ama fato clube. continuemos vivendo sentindo nosso clube forma mais intensa possível frieza continue outro lado. parabéns torcida gigante,2026-03-19 19:00:23,,"esse, de, é, o, o, do, de, o, que, e, o, da, e, que, a, do, a, do"
Cruzeiro,Ayrtonista,@Purostylo32,boca cruzeiro coquimbo barcelona sc,2026-03-19 19:00:23,,
Flamengo,Jeferson TERRAFLANISTA,@JefersonCRFLA,"time caras merda, mas são mais felizes flamenguistas, os caras dão aulas como torcer como viver futebol, enquanto torcida flamengo vem caminhando pra torcida mais merda brasil",2026-03-19 19:00:23,,"o, dos, na, eles, que, nós, de, de, o, isso, a, do, ser, a, do"
Grêmio,𝗧𝗵𝗮𝗻𝗼𝘀,@othanosbr,2º tempo arena grêmio grêmio 1 x 0 vitória camutanga (gc).,2026-03-19 19:00:23,Brasileirão2026,"na, do"
Flamengo,J.p²⁷☭,@jpferreiraa08,2 finalizações remo nenhuma flamengo vai grande chororo,2026-03-19 19:00:23,,"do, do, ser, o"
Flamengo,eri✮,@eriakame_,"remo x flamengo, 7 primeiro tempo 0x0 pode acabar",2026-03-19 19:00:23,,do
Vasco,Gustavo Afonso,@gu_afonso,"""engraçado"" vasco vai todo cheio moral vai empatar ou perder pro grêmio, domingo. já vimos",2026-03-19 19:00:23,,"o, é, que, o, de, e, esse"
Flamengo,kah. ♡,@opskahh_,pfvzinho flamengo tenha piedade meu clube remo,2026-03-19 19:00:23,,"do, do"
Flamengo,@thmvp_,·,"muito interessante aproximação jogadores ataque flamengo, principalmente pontas",2026-03-19 19:13:23,,"a, dos, de, do, dos"
Grêmio,CFD - Futebol e Fantasies,@CFD_Oficial,começou segundo tempo: grêmio 1x0 vitória,2026-03-19 19:00:23,,o
Vasco,geovani Souza,@geovani55vasco,era só ganhar bahia chape ... jogos q vasco bem mlhr perdeu ... eram 6 pontos mais,2026-03-19 19:00:23,,"e, o, foi, e, a"
Flamengo,dinniz,@blumenauseas,hoje vai dia paraense escolher qual time torcer flamengo ou remo kkkkk,2026-03-19 19:00:23,,"ser, o, que, o, tem, que, se, é, o"
Palmeiras,ÚNICO TETRA,@smpeuheideser,"verdade, palmeiras quem chilique técnico.",2026-03-19 19:00:23,,"no, da, é, o"
Grêmio,Renatismo,@MestredeCopas,não programa vermelho suficiente né? quem sabe fazia concorrência pro sala falando só grêmio,2026-03-19 19:00:23,,"é, que, tem, uma, do"
Flamengo,Lessandro,@lessandromg1980,"negócio me incomoda demais , jorginho multo fraco defensivamente! vai bem meio pra frente, mas atrás compromete todo sistema defensivo! acorda jardim! !",2026-03-19 19:00:23,,"um, que, no, o, é, do, o"
Cruzeiro,Crivo Cabuloso,@xcrivotech,dirigente cruzeiro projeta campanha libertadores revela 'cobrança',2026-03-19 19:00:23,,"do, na, e"
Internacional,Sporting CP Adeptos,@Sporting_CPAdep,"francisco martins, personal trainer francisco trincão, publicou vídeo treino internacional português realizou sábado, preparação bødo/glimt. aguenta 90 sob 90 minutos vemos-lhe fazer sprints campo inteiro ajudar defesa.",2026-03-19 19:00:23,,"de, um, do, que, o, no, em, para, o, por, isso, é, que, e, a, de, para, na"
Santos,Michelangelo,@eddiejr61,"gente achando ruim nao convocar, n devia nem titular nesse time patetico santos",2026-03-19 19:00:23,,"e, tem, ser, do"
Flamengo,Marcos camposᶜʳᶠ,@Cammposmarcos,rafinha não chegou nem perto leo moura jogou flamengo.,2026-03-19 19:00:23,,"do, que, o, no"
Flamengo,Rattão,@bob1414155,"força rivalidade não, fortaleza flamengo dessa série b, só queremos sair 2028 voltar pra libertadores ou ganhar sul-americana",2026-03-19 19:00:23,,"é, o, e, em, a"
Grêmio,FILIPI,@filipidosreis3,"início 2° tempo. grêmio segue mesmo, substituições. grêmio 1 x 0 vitória vamos, grêmio!",2026-03-19 19:00:23,"Grêmio, Futebol, DiaDeGrêmio, Brasileirão2026","de, o, sem"
Flamengo,Simone Soares,@simoneebelinha,bom flamengo ficar esperto. jogar contra time pequeno muito mais difícil jogar contra time grande.,2026-03-19 19:00:23,FLAxREM,"é, o, é, que"
Grêmio,Nicolas Möller,@nicolaspmoller,"linda, recorde vendas, caixa pro grêmio!",2026-03-19 19:00:23,,"tá, de"
Corinthians,Corinthians Futebol Feminino,@SCCPFutFeminino,"cuidado vai além: delboni também oferece atendimento domiciliar, exames vacinação taxa deslocamento. março lilás, mensagem clara: cuidar também ato força!",2026-03-19 19:00:23,"AsBrabas, VaiCorinthians","e, esse, o, com, e, sem, de, no, a, é, se, é, um, de"
Flamengo,Fabiano,@Fabiano74688725,remo já chutou ao gol 2 vezes flamengo n consegue furar zaga incrível isso! depôs sou maluco !!!,2026-03-19 19:00:23,,"e, essa, é, e, eu"
Corinthians,Corinthians Futebol Feminino,@SCCPFutFeminino,"última terça-feira, equipe delboni até ct corinthians vacinar as brabas contra hpv, levando prática importância prevenção cuidado saúde mulher.",2026-03-19 19:00:23,,"na, a, do, foi, o, do, para, a, na, a, da, e, do, com, a, da"
Flamengo,@su_moraess,·,tanto gol flamengo já podia ter feito,2026-03-19 19:13:23,,"o, de, que, o"
Corinthians,Aqui é Corinthians!,@Valdirsantos9,"ei hj meu aniversário, ganha porra karai",2026-03-19 19:00:23,,"é, essa"
Vasco,داماسينا,@damasvg,"américa cali vasco independente pettolero barracas central meu palpite racional, mas coração, todo mundo sabe oq vai dar nesse sorteio.",2026-03-19 19:00:23,,"de, esse, é, de"
Vasco,Mr.BlueSky,@Jorg_Czyk,vasco gama city torque o'higgins,2026-03-19 19:00:23,,da
Flamengo,NANZIN DO FORTALEZA,@nanzinll,"todo orgulho pernambucano sua bandeira bob marley cristão torcida flamengo, time todo pernambucano",2026-03-19 19:00:23,,"de, um, com, do, na, do, o, de"
Grêmio,Edu Klein,@educklein,resultado melhor atuação primeiro tempo. grêmio extremamente burocrático armar jogadas ataque. muita bola recuada necessidade. parece não olham pro lado antes tocar bola. jogada os extremas totalmente manjada.,2026-03-19 19:00:23,,"que, a, do, é, para, de, sem, que, de, a, com"
Flamengo,antony,@lothbrokwr,hora gol flamengo,2026-03-19 19:00:23,,do
Grêmio,Pai Bonet,@BonetDouglas,impressionante comoo var sempre contra grêmio,2026-03-19 19:00:23,,"é, o"
Botafogo,Matheus,@RibeiroFFC02,"renato n perdeu duas pro botafogo, carioca mano, até quando bem intencionado você erra, td q fala merda, vc algum problema mental?",2026-03-19 19:00:23,,"a, do, foi, o, ta, é, tem"
Palmeiras,Enelcamarin.cl,@enelcamarin,xi palmeiras 1. kauan lima 6. andré lucas 15. joão paulo 4. koné 2. luis saboia 3. pimenta 5. coutinho 10. erick belé 9. heittor 19. juliano 17. riquelme fillipi dt. lucas pereira andrade,2026-03-19 19:00:23,LibertadoresSub20xEEC,de
Flamengo,fê,@_nandaamel,"juro, adoro passar sufoco assistindo jogo flamengo bia",2026-03-19 19:00:23,,"do, com, a"
Flamengo,annarirang. ⊙⊝⊜,@ariwbts,"assistindo jogo, bom sendo hoje pra passar tempo. não me estressa, flamengo. não estraga noite.",2026-03-19 19:00:23,,"o, que, tá, o, a"
Corinthians,julio henrique,@juliosccp__,"quinta quase sexta jogo corinthians, ja sabe né",2026-03-19 18:59:23,,"é, e, tem, do"
Flamengo,stevan palmeiras,@stevan77_,"2021 palmeiras jogava futebol horrivel ganhou libertadores passando sao paulo, galo flamengo base camisa, 2023 era piores palmeiras ultimos anos ganhou brasileirão supercopa",2026-03-19 18:59:23,,"em, o, um, e, uma, por, e, na, da, em, um, dos, dos, e, um, e, uma"
Vasco,LH ✠,@LHcrvg10,iludidao já né? kkkkkkkkk famoso embalinho anual vasco fode cabeça torcida,2026-03-19 18:59:23,,"tá, o, do, que, a, da"
Palmeiras,𝑷𝒂𝒍𝒎𝒆𝒊𝒓𝒆𝒏𝒔𝒆 𝑵𝒆𝒘𝒔,@PalmeirenseNews,"marlon freitas não curva pra ninguém, todos palmeiras sigam seu exemplo. mijar não mijado.",2026-03-19 18:59:23,,"se, que, do, tem, que, e, ser"
São Paulo,gessi,@gesstyli,são paulo lhe dê devida resposta taxador fdp,2026-03-19 18:59:23,,"que, a"
Flamengo,lara,@laraxcrf_,flamengo já dando 2 ataques pro remo,2026-03-19 18:59:23,,
Grêmio,Adri Rodrigues,@Adri_SROX,era grêmio estar 4° ou 5° lugar,2026-03-19 18:59:23,,"para, o, em, na"
Flamengo,Big Mark ᶠᶠᶜ,@OtricolorVl,onde gente freguês flamengo? mkkkkkkkk,2026-03-19 18:59:23,,"que, a, é, do"
São Paulo,Mallu,@mariarita4141,"queima arquivo transferência daniel vorcaro superintendência polícia federal brasília e, até agora, ninguém explicou motivo dessa mudança. vorcaro estava penitenciária federal desde dia 6, após transferido presídio são paulo.",2026-03-19 18:59:23,,"de, de, para, a, da, em, o, na, o, ser, de, um, em"
Flamengo,.,@EdmilsonArruda8,flamengo,2026-03-19 18:59:23,,
Cruzeiro,Emerson Pancieri,@emersonpancieri,dirigente cruzeiro abre jogo detalha negociação artur jorge | rádio itatiaia (por ),2026-03-19 18:59:23,,"do, o, e, com"
Vasco,mhenrique b. gil ᶜʳᵛᵍ,@henriquegiil,vasco poderia trazer lerma meio ano né,2026-03-19 18:59:23,,"o, no, do"
Santos,Marcos Again...,@cafetaogancho,deve tipo visão daqueles ap torto santos,2026-03-19 18:59:23,,"ser, isso, a, de"
São Paulo,Paulo,@pacslv,"cu paula reclamando pizza calabresa são paulo expulsem mulher novo! ""voce acredita tia milena? vem só pão linguiça"" ""agora aprendi pedir calabresa pedir queijo""",2026-03-19 18:59:23,BBB26,"da, de, de, essa, de, o, e, a, tem, que, e"
Santos,Luan Henrique,@lluann04,santos?,2026-03-19 18:59:23,,"sem, o"
Flamengo,jonil de souza,@de_jonil,vem flamengo bola trabalhada atrás léo pereira leo ortiz léo pereira vai tentando luiz araújo alex sandro lateral remo,2026-03-19 18:59:23,,"e, e"
São Paulo,nique loira,@m_garridog,estou fomo tb quero ir bershka inaugurou são paulo,2026-03-19 18:59:23,,"eu, com, na, que, em"
Flamengo,Lucas Mesquita,@mesquitaxix,"desculpa, vou torcer pro flamengo",2026-03-19 18:59:23,,
Santos,Martinellosx,@martinellosx,"essas turminha dono páginas fizesse tanto barulhos como fazem agora, duvido santos estava draga, pq não fazer pressão pra não contratar bagres cobrança saf , tudo vergonha morrerem abraçado voyvoda, maioria tava fechado até ontem",2026-03-19 18:59:23,,"de, que, o, essa, e, sem, com, a, com, ele"
Flamengo,Hick,@hicksilvadj,"flamengo pegar 1 gol quer desse estrume, será maiores vergonhas ano eles.",2026-03-19 18:59:23,,"se, o, se, uma, das, do, para"
Corinthians,Rodrigo Dias,@rodrigodiass15,"tomara ganhe, aquele site lixo. pessoal daquele site faz trabalho sujo, ratos roubaram corinthians.",2026-03-19 18:59:23,,"que, é, um, o, dos, que, o"
Flamengo,Rafael ᶜʳᶠ,@Rafael__03,"transição defensiva flamengo não dá, não roubar bola ataque, fazer falta jorginho pulgar correndo marcando transição são inexistentes.",2026-03-19 18:59:23,,"essa, do, se, a, no, tem, que, a, e"
Grêmio,)-Juarez Moreira.aposentado graças á deus obrigado,@JuarezMoreira7,grêmio hoje jogando bem. meio campo firme,2026-03-19 18:59:23,,tá
Flamengo,jheni,@alv11s,"ação foda maracanã! lindo ver iniciativa vindo flamengo,que inicie outros times tb,para continuarmos nessa luta contra racismo!",2026-03-19 18:59:23,,"que, no, é, essa, do, isso, com, o"
Flamengo,Fim de Jogo/Veiga de Almeida,@fimdejogoaguva,"quase primeiro remo maracanã, coração galera parou alguns instantes. 6 min - flamengo 0x0 remo",2026-03-19 18:59:23,,"o, do, no, da, por"
Vasco,Dinho ✠ﮩ٨ــ,@dinhovianna_ofc,"carente oq minha torcida fez todas fazer ?? vibrar comemorar ?? onda mano kkkkkk vcs tricolores são tudo doído, vivem vasco essas páginas, só falam vasco .. gente ganha carência morar kkk perde somos série b … pqp",2026-03-19 18:59:23,,"o, que, tem, que, e, que, de, do, se, a, é, com, se"
Flamengo,Fábio William nascimento oliveira,@FbioWillia19365,"você não entendeu meu ponto. atualmente, maior erro jogo neymar tentar fazer fazia aos 25 anos não consegue mais aos 34 anos quando joga simples perto gol faz diferença como fez contra flamengo contra vasco",2026-03-19 18:59:23,,"o, no, do, é, o, que, ele, ele, ele, o, do, ele, a, o, e, o"
São Paulo,luis .✦ ݁˖ Ψ,@redwinekissin,chegueiii são paulo,2026-03-19 18:59:23,,
Botafogo,Carlos Henrique Ribeiro,@h41082274,"kkkkkkkkkk só não são quarta força rio hoje porque textor fodeu botafogo kkkkkk baixa bolinha templário, vivendo 98 até hoje.",2026-03-19 18:59:23,,"a, do, o, o, a, tá, de"
Flamengo,fudido da desgraca,@guilhermpz,quem abriu as cobranças flamengo mundial la cruz cara kkkk nunca nunca vai regra,2026-03-19 18:59:23,,"do, no, foi, o, de, foi, e, ser"
São Paulo,Lucas,@Skye822,"tomei quando fui pra minas, mas bem difícil achar aq são paulo muito gostoso, aliás",2026-03-19 18:59:23,,"eu, é, de, em"
Fluminense,Fluco,@flucomic,vamos querer movimentar as massas fazer mestre cartola nosso novo mascote???,2026-03-19 18:59:23,,"e, do"
Flamengo,Fefeˢᶜⁱ,@048_fefe,"verdade, as maiorias paternidades futebol brasileiro atualmente são: -inter pai grêmio -flamengo pai palmeiras",2026-03-19 18:59:23,,"na, do, do, do"
Grêmio,Alan,@AlanLavall,então deve inter ganhou mais grêmio mesmo mesmo ficando atrás tabela ano passado,2026-03-19 18:59:23,,"ser, por, isso, que, o, que, o, na"
São Paulo,Gabriel,@OGabriel_spfc94,"olha só ousadia são paulo, como ousam falar arbitragem? só porque foram roubados nesse jogo inúmeras vezes, absurdo. vai tomar seu cu fdp",2026-03-19 18:59:23,,"que, do, em, de, que, no"
Flamengo,𝕵𝕺𝕺𝕺𝕺𝕵,@jooooj758461,flamengo tornou novo fluminense esquerda performática brasileira.,2026-03-19 18:59:23,,"o, se, o, da"
Botafogo,Anibal Moreno me salvo la vida,@tobyy24_,"river, millonarios, montevideo, botafogo",2026-03-19 18:59:23,,
Flamengo,daviᶜʳᶠ,@drxjz7,flamengo sendo preguiçoso contra remo maneiro.,2026-03-19 18:59:23,,o
Palmeiras,Williams,@Williyamsmart,"lapada tia leila! ""esses homens são muito presidente palmeiras não só rebateu diretor são paulo, como deu aula como alugar triplex cabeça rival perder estilo. clima pro próximo choque-rei acabou subir 100 graus!",2026-03-19 18:59:23,,"a, da, a, do, o, do, uma, de, um, na, do, sem, o, o, de"
Flamengo,biazoka,@biabsb_25,flamengo veio fim resenha hojd,2026-03-19 18:59:23,,"a, da"
Grêmio,Giacumuzzi,@O_Giacumuzzi,"trouxe minha sogra primeira vez jogo grêmio, me perguntou porque aquele jogador errava todas! era pavon",2026-03-19 18:59:23,,"a, no, do, ela, o"
Santos,ma,@marokadbr,não adianta neymar lançar vídeo youtube “super vida difícil dele” quando chega jogo santos não consegue andar linha reta kkkkkk cara não cansa fanfarrão!,2026-03-19 18:59:23,,"o, no, da, em, do, em, essa, de, ser, um"
Flamengo,pandora,@isadorarodrigss,faz raiva não flamengo,2026-03-19 18:59:23,,
Cruzeiro,sol,@blaugcabj,tocaba cruzeiro,2026-03-19 18:59:23,,nos
Santos,Victor Gonçalves,@victorgpereira8,"morreu pelé mesmo. contratar cuca, como morte ente querido. até eu, não torço pro santos, sinto raiva.",2026-03-19 18:58:23,,"o, com, o, o, é, a, de, um, que"
São Paulo,Uchinanchu (うちなーんちゅ),@3lemento_115,kkkkkkk são paulo me deixa assim também,2026-03-19 18:58:23,,o
Internacional,Carina,@moxzinlizers,dito 2x1 pro internacional.,2026-03-19 18:58:23,,isso
Vasco,bolsofla,@Alv23615Cd,verdade flu nasceu lá puta vasco,2026-03-19 18:58:23,,"a, é, que, o, ser, do"
Palmeiras,Twit Palmeiras,@twitpalmeiras,"leila pereira sobre reunião entre os clubes/cbf: ❝a presidente leila bom coração quer lutar pelo bem futebol brasileiro, claro, palmeiras sempre vencedor disputando títulos, mas buscando evolução futebol como todo, porque todos ganham. houve",2026-03-19 18:58:23,,"tem, um, e, do, com, o, e, a, do, um, uma"
Grêmio,Jaderson Suarez,@Jaderson_Suarez,"time grêmio bem medíocre, sorte vitória muito ruim. sobre nosso técnico, quero parafrasear filósofo , luis castro jair picerni passaporte europeu.",2026-03-19 18:58:23,,"o, do, é, a, que, o, é, o, é, um, com"
Internacional,Edvaldo RReis,@edvaldorreis,"agora : lula moraes ganhando projeção internacional, não jeito gostariam claro!",2026-03-26 19:05:28,,"e, do, que, eles"
Botafogo,#FORAPARDAVEL,@RafaelCoimbraDo,"nem botafogo rendendo , imagina seleção",2026-03-26 19:05:27,,"em, ta, na"
Santos,Careca,@zezin777777,vcs vivem mundo? neymar não consegue jogar santos porra,2026-03-26 19:05:27,,"em, que, o, no"
Santos,junin ᶜʳᶠ,@juninwyz,"sabe pior seleção perder, não nem perder si mas ver pessoal pedindo cara não joga santos, inacreditavel, mais 2 meses dessa ladainha pqp",2026-03-26 19:05:26,,"o, da, é, em, o, o, que, no"
Vasco,may jurídica do ville valo,@Diam0ndHeartt,consegui sentir mais dor assistindo brasil x frança q meu time perdendo virada contra vasco,2026-03-26 19:05:23,,"do, de, o"
Palmeiras,duduxu,@duduxurl,todo mundo sabe só não verde causa palmeiras,2026-03-26 19:05:23,,"que, tem, por, do"
Botafogo,ryan roba cena,@ryann_preto,vai pro botafogo rapa,2026-03-26 19:05:21,,
São Paulo,Epif'S 7,@EpifS_,"excl | são paulo terá repetir votação balanço 2025, reprovou as contas gestão casares. tafner, gerencia sistema online votos, realizou votação fechada, enquanto deveria aberta. nova votação vai 19h hoje às 22h amanhã.",2026-03-26 19:05:21,,"o, que, a, do, de, que, da, que, o, de, a, ser, das, de, de"
Santos,Jefferson bandeira,@Jeffersonb84803,vinícius jr: mas 1 jogo ruim seleção brasileira ( tudo normal) douglas santos: pior campo mim fora copa luiz henrique:o melhor campo está copa mundo. bremmer: ótimo jogo. briga até titular copa mundo ancelotti: merece criticado,2026-03-26 19:05:11,,"na, o, em, para, tá, da, em, na, do, para, ser, na, do, ser"
Palmeiras,gustavo,@quemdl,danilo palmeiras nunca mais pode vestir camisa brasil,2026-03-26 19:05:11,,"esse, do, a, do"
Santos,lucas,@lucashthiele,"sinceramente, me falar neymar vai vim pra seleção exato mesmo santos, vini vira banco hora muito mal hoje",2026-03-26 19:05:10,,"se, tu, que, o, que, é, o, que, o, do, o, na"
Santos,Felipe TETR4 DA LIBERTADORES 811922,@Felipe265463,até ayrton lucas melhor douglas santos,2026-03-26 19:05:09,,"o, é, que"
Santos,Jônatas de Carvalho,@JoDCarvalho,passo raiva santos agora l brasil,2026-03-26 19:05:09,,"com, o, e, com"
Grêmio,Jv,@jotave_07,"vini júnior seleção jp galvão grêmio, pqp",2026-03-26 19:05:09,,"na, é, o, no"
Vasco,Baeta,@daniel_baeta,"brenner reserva vasco titular seleção brasileira, como explica?",2026-03-26 19:05:09,,"no, na, que"
Santos,.,@_pcvc,"""mal"" salvando santos, pq sozinho msm faz nada",2026-03-26 19:05:08,,"tá, o"
Grêmio,gw,@miranhaslo,vinicius jr. 10 seleção mesmo pavon 7 grêmio,2026-03-26 19:05:02,,"com, a, da, é, o, que, o, com, a, do"
Santos,montanhista,@homempalmeiras,vini jr joao pedro douglas santos forca!,2026-03-26 19:05:02,,e
Santos,FlaTóxico,@FlaToxicoRN,endrick precisa testado como 9 douglas santos condições! precisamos matheus cunha não sabe oq campo. luiz henrique titular raphinha ou estevão meio! vini precisa entregar mais. não mesmo jogador,2026-03-26 19:05:02,,"ser, sem, de, uma, é, em, no, é, o, na"
Vasco,FLU-VERDADE,@VerdadeFlu,"quem falou vasco? pelo jeito, vc acompanha bastante pro aqui, né? muito",2026-03-26 19:05:01,,"em, tá"
Vasco,7th year: erico,@bgyuceta,vasco ja ganhou seleçao virada,2026-03-26 19:05:01,,"o, da, de"
Flamengo,Karina,@_kaacosta,torcida flamengo peso,2026-03-26 19:05:00,,"do, em"
Santos,zuzuya bolas de aço ॐ,@zuyamaldito,pprt pq todo mundo relacionado ao pagão santos tão retardado,2026-03-26 19:05:00,,é
Flamengo,Baraldi,@Baraldi_58th,"copa vini vai ai vai carreira dele, vai passar vexame, vai manchar camisa 10 seleção (coisa q já faz) vai pra arábia esconder, aí fim carreira quando não aguentar mais correr, volta pro flamengo",2026-03-26 19:04:58,,"na, o, ser, isso, e, ser, da, um, a, da, ele, e, se, no, da"
Corinthians,henriquefvv,@henriquefvvusa,"corinthians precisando ponta, quem vc preferem: vinícius júnior camisa seleção ou gustavo mosquito luta contra rebaixamento?",2026-03-26 19:04:58,,"de, um, com, a, da, em, o"
Vasco,soter ✠,@sotesao44,sou assim vasco morro medo nunca mais ganha nada quero eh brasil foda,2026-03-26 19:04:57,,"eu, com, o, de, de, do, que, o, se"
Vasco,Cadu,@caduorleans,rico 3 bilhões dividas atrasa salário kkkk agora me mostra onde vasck fez 300 milhões 2025 ja nem vasco divulgou balanço kkkk,2026-03-26 19:04:57,,"o, com, de, que, o, em, que, o, o"
Flamengo,Fabiano Artiles,@ArtilesFabiano,luiz henrique não titular desse arremedo time. kkkkkkkkkkkkk kkkkkkkkkkkkk kkkkkkkkkkkkk kkkkkkkkkkkkk kkkkkkkkkkkkk kkkkkkkkkkkkk motivo: não jogou flamengo. bizarro virou seleção brasileira.,2026-03-26 19:04:56,,"é, de, no, o, que, a"
Internacional,animecangacofm,@animecangacofm,"perdida smartphone! 'labyrinth', novo filme shoji kawamori, ganha trailer internacional visual luxo! …",2026-03-26 19:04:56,"LabyrinthAnime, ShojiKawamori, MeikyuNoShiori, AtarashiiGakko, StudioSanzigen, Anime2026, MacrossCreator, AnimeCangacoFM","no, o, de, e, de"
Cruzeiro,Arthuzin,@arthurgpinto,"vini jr. seleção seria reserva wanderson cruzeiro, bizarro",2026-03-26 19:04:55,,"o, da, do, no"
Vasco,teshugo,@oteshugobr,“vcs” cara torce pro vasco kkkkkkkk,2026-03-26 19:04:50,,o
Flamengo,Leafar,@Leafar2077,"regra simples, cria ou joga flamengo? não vai pra seleção. as piores atuações já vi foram dessas peças",2026-03-26 19:04:50,,"a, é, é, no, que"
Vasco,Felipe,@Feijon3s,vasco jogaria melhor contra frança catado seleção,2026-03-26 19:04:50,,"o, a, do, que, esse, da"
Botafogo,Dr. Flacker,@DrFlacker,nível bizarrice: meio campo jogador botafogo jogador time aleatório turquia. como pode coisa dessas?!,2026-03-26 19:04:49,,"o, da, o, com, um, do, e, um, de, um, da, que, uma"
Santos,eliefi,@hrhujsywb,vendo vinícius junior jogar melhor convocar aquela baleia joga santos,2026-03-26 19:04:48,,"o, é, que, no"
Santos,Henrique Cunha,@hcunha09,"problema brasil estrutural montagem time. tirou andrey santos casemiro time mudou completamente entrada dois jogadores mais físicos minha opinião melhores. fica desejar ataque, ataque brasil horrível vinicius jr. ameba",2026-03-26 19:04:48,,"do, é, na, do, e, e, o, na, de, e, na, o, que, a, é, o, o, do, é, e, uma"
Santos,𝐬𝐮𝐧⁴⁴ || vai ver o zayn,@sooyabdz,não resolve os problemas santos quem dirá seleção,2026-03-26 19:04:48,,"do, da"
Santos,leo grabovski,@leograbovski,vinicius jr não seria titular santos futebol clube,2026-03-26 19:04:47,,no
Botafogo,mistério do planeta,@hegz21_,parece botafogo fanático,2026-03-26 19:04:46,,"que, ele, é"
Flamengo,Matheus Enderson,@MEnderson27,joga flamengo. mal vão dar repercussão pra falha dele.,2026-03-26 19:04:46,,no
São Paulo,Brasil no Centro,@BRnoCentro,eduardo leite entrou vez jogo presidencial. governador rio grande sul são paulo reunir gilberto kassab tentar viabilizar sua candidatura pelo psd 2026. movimento acontece após desistência ratinho júnior abre disputa interna,2026-03-26 19:04:45,,"de, no, o, do, do, foi, a, para, se, com, e, em, o, a, de, e, uma"
Santos,dezirrefc,@dezidezi_,neymar silva santos junior. nao irei elaborar muito.,2026-03-26 19:04:44,,"da, e"
Grêmio,Renan,@Renankite,brasil não laterais kkk parece grêmio,2026-03-26 19:04:38,,"tem, o"
Flamengo,mateus,@OakMateus,caralho saudade meu flamengo,2026-03-26 19:04:37,,"que, do"
Flamengo,yazzᶜʳᶠ,@yazzksj,ainda bem minha seleção clube regatas flamengo,2026-03-26 19:04:36,BRAxFRA,"que, é, o, de, do"
Santos,mariana,@marigotcinema,pior parte culeção perder saber algum puteiro santos pé cana baixada feliz,2026-03-26 19:04:35,,"a, da, é, que, em, de, o, de, da, tá"
Santos,Ricardo S. S.,@RicardoScarpine,"entre vini jr seleção neymar hj santos, prefiro neymar hj perna",2026-03-26 19:04:35,,"da, e, o, de, do, eu, o, de, sem, uma"
Vasco,mark pendragon,@PendragonMark,vsfd!!! maior seleção história apequenou!!! tornou vasco gama seleções!,2026-03-26 19:04:35,,"a, da, se, se, o, da, das"
Vasco,Kuroda,@lumosznox,"so bagre brasil meu deus quero ver andrés gomes, quero ver cuiabano quero ver vasco jogar não futebol pífio",2026-03-26 19:04:33,,"tem, no, eu, o, o, esse"
Flamengo,mary.,@maary202316,podia jogo flamengo,2026-03-26 19:04:33,,"ser, um, do"
Internacional,Luís Galrão,@LGalrao,"pelos vistos redação também ainda não sabe verificar vídeos plagiados embuste analista internacional ontem, enquanto este pseudo",2026-03-26 19:04:33,"informaçãoexata, pósverdade, desinformação","a, do, das, o, do, é, de, da, é, de"
Santos,cahê,@matheuscahe,melhores campo: luiz henrique danilo santos,2026-03-26 19:04:33,,"em, e"
Santos,_guguets,@_guguets,futebol vini seleção me lembra lucas braga época santos,2026-03-26 19:04:33,,"o, do, na, o, na, do"
São Paulo,LEO GATTONI,@LEOGATTONI,fico impressionado como são paulo possível retirar ingressos gratuitos pelo app sympla. já belo horizonte praticamente impossível! mas quando você chega local os cambistas vendendo os ingressos retirados gratuitamente. preciso acabar isso!,2026-03-26 19:04:33,,"em, é, em, é, no, tem, é, com"
Santos,caue,@quiuezin,vini jr me deu raiva q nem guilherme amado dava santos. cara desastroso puta q pariu,2026-03-26 19:04:33,,"esse, o, no"
Santos,patrick,@pk_nandes,"leo pereira, douglas santos vinicius júnior, 3 jogadores não merecem convocação",2026-03-26 19:04:33,,"e, que, a"
Santos,R9,@AlanTuffi,cuiabano melhor douglas santos,2026-03-26 19:04:33,,"é, que, esse"
Fluminense,Erica Manu ✠,@EricaEmanuelly,fluminense times menos levou gol brasileiro quando tava lá fora q tbm ja experiência copa realmente não entendo,2026-03-26 19:04:33,,"foi, um, dos, que, no, ele, ele, tem, em, eu, isso"
Flamengo,manaus vai ficar biruta lalala,@joaomoreiramnz,luís henrique flamengo questão urgência,2026-03-26 19:04:33,,"no, é, de"
Vasco,yan ✠,@yandovasco,vini selecao eh msm coisa loide pro vasco,2026-03-26 19:04:33,,"na, a, que, o, foi"
Flamengo,fataxzin,@fataxgoat,"ainda bem q sou flamengo, depender brasil p feliz difícil",2026-03-26 19:04:33,,"eu, do, ser, ta"
Santos,Flaniverso | Espaço Rubro Negro,@FlaniversoERN,só sei andrey santos casemiro não dá mais,2026-03-26 19:04:33,,"que, e"
Santos,Diegoo,@Diiegorai,vinijr seleção guilherme santos,2026-03-26 19:04:33,,"na, é, o, no"
São Paulo,JP.,@joaogs01,as atuações vinicius junior seleção brasileira são piores as ferreirinha são paulo. horror.,2026-03-26 19:04:33,,"do, na, que, do, no, que"
Fluminense,Sobrinho do Zubeldia,@ffcpioneiro1902,nem soteldo pelo fluminense fez jogo tão inútil quanto vini jr hoje pela seleção,2026-03-26 19:04:33,,"o, um, o"
Santos,Fla Buteco,@FlaButeco_,"wesley, bremer léo pereira, copa mundo neles!! alex sandro pode ficar tranquilo pq mil vezes melhor douglas santos",2026-03-26 19:04:33,,"e, do, e, o, ele, é, que, o"
Flamengo,Anderson,@ajas10,"jogador formado flamengo seleção eh aí desde sempre !!! jogam nada, quando não entregam !!",2026-03-26 19:04:33,,"no, e, isso, isso"
Flamengo,Moises Viana,@moisespsviana,flamengo tiver,2026-03-26 19:04:33,,se
Internacional,Marcus Vinícius Garcia,@marcusfgarcia,"dito isso, melhor todos os volantes internacional.",2026-03-26 19:04:33,,"ele, é, que, do"
Flamengo,ernesto,@PedroErnesto06,quando flamengo comprar cara aqui fudeu,2026-03-26 19:04:33,,"o, esse"
Flamengo,tutu,@two_a04,aqui passa até mal não falar flamengo,2026-03-26 19:04:33,,"esse, se, de"
Cruzeiro,Political Refugee,@p_refugee,atletico cruzeiro,2026-03-26 19:04:33,,e
Flamengo,@Miihgsantos,·,"bh, pedro, pulgar, carrascal, jorginho. ou melhor toda seleção flamengo",2026-03-26 19:05:33,,"a, do"
Santos,Funcionária da Lua,@MaxDenki,"mas afundou santos últimos 3 jogos, copa mundo não contra juventude rebaixado",2026-03-26 19:04:33,,"ele, tá, o, a, do, é, o"
Fluminense,FLU-VERDADE,@VerdadeFlu,clube não queria deixar vasco jogar? fluminense até emprestar estádio pra merda fez. ahh todos os clubes liga exigiram cumprimento regulamento impedia jogadores fossem pagos? ahh,2026-03-26 19:04:33,,"que, que, o, o, essa, o, de, uma, que, o, de, um, que, que"
Flamengo,g,@ggiagiox,"isso, arabia ou palmeiras flamengo kkkkkkkk melhor pl mesmo",2026-03-26 19:04:33,,"é, e"
Internacional,Gabriel Abi Ramia → tubespark.ai,@gabrielabiramia,"rubio mandou real: estreito ormuz, onde passa 20% petróleo mundial, só instável porque irã ameaça fechar rota pra pressionar ocidente. hipocrisia gritante — os mesmos países gritam ""direito internacional"" ficam silêncio quando teerã ameaça",2026-03-26 19:04:33,,"a, o, de, por, do, é, o, a, o, a, é, que, em"
Corinthians,maria o ornitorrinco,@mariarolagrossa,corinthians joga mais bonito,2026-03-26 19:04:33,,o
Santos,@predestined___7,·,atleta douglas santos irrita,2026-03-26 19:05:33,,o
Flamengo,L.Andrade'99,@andradeleonard8,flamengo precisa contratar luiz henrique,2026-03-26 19:04:33,,esse
Flamengo,Paulo,@PauloRe48811361,"matheus cunha, esses laterais. zagueiro flamengo ruim demais mesmo chamaria endrik também. vini júnior, só passa pé cima bola. enfeita demais neymar acho vai. seleção não meia estevão faz, muita falta também concordo, esses você citou pra ir!",2026-03-26 19:04:33,,"esse, eu, o, em, da, que, tem, com, que"
Flamengo,haly,@halymarinho,incrível nada vindo flamengo dá certo seleção,2026-03-26 19:04:33,,"que, do, na"
Palmeiras,Brunorescio,@brunorescioo,dez seleção sendo vini jr = dez palmeiras sendo rony,2026-03-26 19:04:33,,"da, o, do, o"
Flamengo,Duda TETRA E ENEAᶜʳᶠ,@dudafrancacrf,ainda bem minha seleção flamengo,2026-03-26 19:04:33,,"que, a, é, o"
Santos,samuel ramos CRF,@samuelramo86,santos,2026-03-26 19:04:33,,"por, isso, tá, no"
Santos,Ramon Taffarel,@ramon_taffarel,tiraria rivaldo colocaria nilton santos,2026-03-26 19:04:33,,e
Santos,Robin.souzza05,@Robinhosouzza5,cunha for convocado mais léo pereira douglas santos pra acabar,2026-03-26 19:04:33,,"se, esse, e, é"
Palmeiras,K1nhooW,@K1nhooWR6,"chega olha gol merda perdeu kkkkkkkkkkkkk furou bola sozinha, 10 maior seleção mundo, me sinto vendo rony palmeiras novamente bizarro",2026-03-26 19:04:33,,"o, que, esse, ele, a, o, da, do, o, no, que"
Corinthians,Gazeta Esportiva,@gazetaesportiva,lingard aparece bid fica livre estrear pelo corinthians,2026-03-26 19:04:33,GazetaEsportiva,"no, e, para"
Flamengo,Iago,@Iago22221,"não bagre seleção não prr, só pq flamengo, vai tomar cu vinícius júnior",2026-03-26 19:04:33,,"ele, é, na, é, ele, ele, é, do, no"
Flamengo,clara.,@gwbgol,aparentemente vamos ver flamengo hexa antes brasil,2026-03-26 19:04:33,,"o, ser, do"
Internacional,BC Ofertas,@bcofertas,"br ofertas todos os dias abaixo média: -r$ 241,10 melhor janela preço agora vale correr! pegue já: … r$ até 10x juros asrock placa mãe micro atx z890m riptide wifi 6e lga1851 ddr5 256gb 9066mhz | internacional",2026-03-26 19:04:33,,"da, de, por, em, sem"
Santos,LIL NOTTI,@NOTTI_MC,douglas santos nao jogador seleção… maluco todo duro,2026-03-26 19:04:33,,"é, de"
Botafogo,Gildson,@gildson_gr,"jogo contra frança, os principais atacantes barcelona real madrid não jogaram nada ex botafogo atual zenit melhor partida. parece até brincadeira, mas não é.",2026-03-26 19:04:33,,"em, um, a, de, e, e, um, e, foi, o, da"
Botafogo,Carlos Henrique Neves Souza,@DonateloCV,"claro vem, veio pro botafogo.",2026-03-26 19:04:33,,"que, ele"
Flamengo,Gabriel Fernandes,@TibiaEternal,flamengo destruiu seleção,2026-03-26 19:04:33,,"o, a"
Corinthians,PAULO CESAR,@PauloCe95579594,"mas partida neymar contra corinthians,e vinícius hoje ,foi pau pau",2026-03-26 19:04:33,,"a, do, o, do, a"
São Paulo,Maicon Silvaa,@MaiconSilvaa3,"casares será expulso,massis perde presidência, depende envolvidos tbm vão cair ajuda mp polícia civil investigar os corruptos dentro são paulo",2026-03-26 19:04:33,,"a, dos, isso, o, e, a, do"
Vasco,Shuya ⓟ,@br_shuya,tipo situação só acontece vasco,2026-03-26 19:04:33,,"o, de, que, com, o"
Santos,**,@emboarverde,"vini junior, douglas santos leo pereira foram tranquilamente os piores jogadores dd hoje, partida ridícula 3",2026-03-26 19:04:33,,"e, dos"
Santos,Jacinta Veloso,@jacinta_veloso,não como vini jr ir bem não temos lateral douglas santos não apoia breca transição.,2026-03-26 19:04:33,BraxFra,"tem, o, na, um, e, a"
Flamengo,Carvalho,@xispew,"to falando desde partida contra japão: colocar flamengo ex flamengo seleção hoje, papo inglaterra hexa antes gnt",2026-03-26 19:03:33,,"eu, a, o, e, na, é, da, ser, da"
Santos,Brasil Alternativo,@bralternativo_,agora: renan santos (líder mbl) gabriel costenaro (ex-mbl) trocam ofensas rio janeiro.,2026-03-26 19:03:33,,"do, e, no, de"
Flamengo,Carlos Freitas,@CarlinhosDeBoa,interessante quanto flamengo lotado rivais kkkkkkkkkk os caras estão criando narrativa léo pereira deu os gols kkkkkkkkk,2026-03-26 19:03:33,,"é, o, o, é, de, uma, que"
Santos,Davi Vieira,@Daviv002,lado esquerdo brasil provavelmente pior história: douglas santos vini jr. cemitério jogadas.,2026-03-26 19:03:33,,"esse, do, é, o, da, e, de"
Flamengo,membro da Flaleque,@jostapeu,presta nao q voltar pro flamengo logo q eh lugar jogador ruim volta.,2026-03-26 19:03:33,,"tem, de"
Cruzeiro,pribas,@paularibasbh,cruzeiro não vai pedir retorno kauã prates seleção sub 20 não?,2026-03-26 19:03:33,,"o, do, da"
Vasco,E vagabundo tá lá,@mthleite,"vai neymarzetes, falem jogador não fez diferença nenhuma contra novorizontino tomou 6x0 vasco tinha convocado kkk falem, quero ver",2026-03-26 19:03:33,,"que, o, que, e, do, que, ser"
Fluminense,Rinaldi,@Arthur_Rinaldi_,ai chamar fluminense renato,2026-03-26 19:03:33,,"tu, tem, que, o, e, o"
Santos,Yannick,@IgorYannick,zagueiro bremer tentou mais passes verticais andrey santos jogo,2026-03-26 19:03:33,,"o, que, o, no"
Corinthians,Bibos,@JosCaldas44,"não entendeu piada, mas vamo lá. nem novohorinzotino fez algo, nem corinthians, nem são paulo, nem palmeiras, nem mirassol, nem cruzeiro",2026-03-26 19:03:33,,"e, tu, a, com, o, ele, com, com, com, com, com"
Flamengo,Reinan,@reinankings,"olha gol vinicu perdeu, pqp! torcida flamengo disse léo pereira convocado bremer não kkkkkkk",2026-03-26 19:03:33,,"o, que, o, e, a, do, que, o, tem, que, ser, e, o"
Botafogo,daniel,@dansalim97,"danilo, lh, ij… seleção implora botafogo",2026-03-26 19:03:33,,"a, por"
Flamengo,Igor,@Igorrsawss,"vini merda colossal, desculpa ai. posso torcedor flamengo, mas ai n existe n",2026-03-26 19:03:33,,"é, uma, ser, do, isso"
Vasco,Asa de Urubu,@asadeuruburei,vasco não sai lama isso. vcs sequer ouvem as críticas. estão tão desesperados qualquer merda vira boia salvação. nem questionam. vasco vai continuar à deriva.,2026-03-26 19:03:33,,"o, da, por, que, de, por, isso, o"
Botafogo,@su_moraess,·,"danilo mostrando jogador botafogo mesmo, todo ruim mkkkkk",2026-03-26 19:05:33,,"que, é, do"
Botafogo,Paulo Cesar,@paulocesartn,"quando palmeiras envolvido, sempre mobilização. não vi falarem sintético botafogo, atlético paranaense.",2026-03-26 19:03:33,,"tem, o, é, uma, do, do, do"
Santos,Joel Silva,@JoelSilva257478,felipe santos kkkk nunca será mulher.,2026-03-26 19:03:33,,
Fluminense,Gabi,@mengotux,"foda fluminense si medo absurdo esquerda poder, sendo todos os governadores presos são direita",2026-03-26 19:03:33,,"é, que, o, em, tem, um, da, no, que, de"
Palmeiras,Lucas #ForaAbel,@lucasdanilort,não existe mundo onde danilo (ex-palmeiras) luiz henrique não sejam titulares nessa seleção. não existe mundo.,2026-03-26 19:03:33,,"um, e, esse"
Santos,Caio,@caiomacel,"vini driblando velocidade, joga muito, porém encontra defesa veloz marca bem, sente dificuldade. giovani, craque santos barça, já tinha falado isso.",2026-03-26 19:03:33,,"em, ele, se, ele, uma, e, que, ele, do, e, do"
Vasco,ESPN Brasil,@ESPNBrasil,polícia civil recupera carga roubada materiais esportivos vasco estava avaliada r$ 950 mil,2026-03-26 19:03:33,FutebolNaESPN,"de, do, que, em"
Flamengo,PrettyFlacko,@Gustavoalc_,"não pode levar jogador ou ex flamengo, tinha proibido",2026-03-26 19:03:33,,"do, que, ser"
Vasco,FUT INSIDER,@futeinsider,polícia civil rio recupera camisas vasco haviam sido roubadas. criminosos haviam roubado caminhão material esportivo estava caminho ct clube. prejuízo poderia chegar r$ 900 mil.,2026-03-26 19:03:33,,"do, do, que, um, com, que, a, do, do, o, a"
Internacional,Helder Floret ✠,@hfloret,craque internacional faz falta seleção brasileira não neymar vinicius junior real madrid,2026-03-26 19:03:33,,"o, que, na, é, o, é, o, do"
Santos,Augusto Nunes,@augusto_nuness,"kaiki muito mais lateral douglas santos, todo respeito",2026-03-26 19:03:33,,"é, que, o, com, o"
Santos,Mob,@Gab0633,vinicius odeia douglas santos todas as forças meu deus,2026-03-26 19:03:33,,"o, com"
Cruzeiro,juh,@vyollet666,"dida era imoral viu, tive honra vê-lo jogar pelo cruzeiro",2026-03-26 19:03:33,,"a, de"
Botafogo,Charles River,@CecGustavin,botafogo pra mim bairro,2026-03-26 19:03:33,,é
Fluminense,Verônica Lima,@veronicalima_ve,"nossa mobilização alerj, junto outros parlamentares oposição, deu resultados: tjrj anulou eleição ilegítima golpista presidência parlamento estadual. vitória povo fluminense nossa democracia!",2026-03-26 19:03:33,,"na, com, de, o, a, e, para, a, do, essa, é, do, e, da"
Santos,Remo mas não aquele tipo de Remo,@lento_remer,"hora valorizar mais os jogadores jogam aqui, danilo jogou anos luz mais andrey santos",2026-03-26 19:03:33,,"ta, na, de, que, que, o"
Santos,wid,@widbishop,douglas santos pode jogar seleção tbm posso,2026-03-26 19:03:33,,"na, eu"
Flamengo,Freddy-Flamengo,@Fred107761,"todos contra flamengo até seleção, muito gostoso.",2026-03-26 19:03:33,,"o, na, é"
Santos,Shorts do Timão,@shortsdotimao,''douglas santos recebe bola'',2026-03-26 19:03:33,,a
Flamengo,Diniz,@DinizOfficiall,"vocês (sagordo samagro), , euclides cia fazer campanha pra lh flamengo, jogador certo pra time",2026-03-26 19:03:33,,"e, e, tem, de, no, é, o, esse"
Cruzeiro,Saboy,@Sadioo_Mane,pq não fez contra cruzeiro crise?,2026-03-26 19:03:33,,"ele, isso, o, em"
Vasco,@immlxw,·,só vasco msm mds,2026-03-26 19:05:33,,"com, o"
Santos,Daniel Land,@Daniel_lff,"não faz diferença nem santos, vai fazer seleção sim, vai vendo",2026-03-26 19:03:33,,"no, na"
Vasco,Sandro Lobato,@lobato76310,"kkkkkkkk pqp! junta leila, palmeiras, vasco, pedrinho, tudo cool outro, vira megazorde entra fouder! dois rebaixados!",2026-03-26 19:03:33,,"um, no, do, um, e, para, se"
Santos,you,@you4609,mais pro santos kakakakaka,2026-03-26 19:03:33,,tá
Cruzeiro,Kelwen Cristyan,@cristyan_kelwen,alguns sertanejos torcem cruzeiro,2026-03-26 19:02:33,,"dos, que, para, o"
Santos,nati,@renatavalentee,vinicius jr seleção parece jr santos piorado,2026-03-26 19:02:33,,"na, o"
São Paulo,Bru,@bruunogouvea,não acredito vai ter festa lady gaga rio janeiro enquanto vou estar são paulo,2026-03-26 19:02:33,,"que, uma, da, no, de, eu, em"
Internacional,ᓚᘏᗢ𝐋𝐮𝐦𝐞𝐲,@lumeymatoi,tirando silvinho não nenhum técnico brasileiro bom nivel internacional,2026-03-26 19:02:33,,"o, tem, a"
Flamengo,Índio,@IndioGoytacaz,"bruno, flamengo sócio brb, não nenhuma relação promíscua ou ilegal. ademais banco pessoa jurídica, não responsabilidade pessoal. relação flamengo brb completamente lícita!!!",2026-03-26 19:02:33,,"o, é, do, tem, o, é, ele, tem, a, do, com, o, é"
Vasco,zicoʳᶦⁿᵗʰᶦᵃⁿˢ,@nayeonlindinha,vasco novorizontino dá mais trabalho girona granada.,2026-03-26 19:02:33,,"e, que, e"
Palmeiras,Palmeiras Arquivo ⓟ 𓃟,@palmeirasarquiv,26/03/1995 palmeiras 3x0 juventus campeonato paulista pacaembu válber (3x),2026-03-26 19:02:33,"AvantiPalestra, Palmeiras",
Santos,𝑮𝒖𝒔𝒕𝒂𝒗𝒐𝑾𝒂𝒔𝑻𝒂𝒌𝒆𝒏,@GustavoWasTake,reservas: ederson bento vanderson bremer gabriel magalhães alex sandro douglas luiz andrey santos raphael veiga gabriel sara endrick gabriel martinelli rayan joão pedro luiz henrique,2026-03-26 19:02:33,,
Vasco,Vitor ✠,@Vitorromeu24,fosse vasco renato gaúcho certeza teriam virado cima frança,2026-03-26 19:02:33,,"se, o, de, com, em, da"
Flamengo,Meursault,@EngHaw97,"papo banco próximo jogo. lembrando início léo pereira flamengo, não tinha condições estar campo, não acerta nada",2026-03-26 19:02:33,,"é, de, no, tá, o, do, no, de, em"
Cruzeiro,Henrique,@Henrique_HnR_,oficial. vinícius junior está pra seleção assim como wanderson está pro cruzeiro. estou sendo generoso titular real madrid jogador tenebroso,2026-03-26 19:02:33,,"é, e, com, o, do, que"
Flamengo,D.,@demownia,infelizmente luiz henrique odeia flamengo mais q qualquer coisa mundo,2026-03-26 19:02:33,,"o, o, no"
Vasco,jesqui,@itsjescao,vasco renato gaúcho dá nesse time viu,2026-03-26 19:02:33,,"o, de"
Flamengo,jurídico do leonardo jardim ᶜʳᶠ,@ilebeatrizcrf95,"pode acabar data fifa, só estresse flamengo suficiente",2026-03-26 19:02:33,,"o, com, o, é, o"
Botafogo,Igor,@Pai85535364Igor,textor fudeu tanto as finanças botafogo veremos lh indo os desgraçados. pqp!!!,2026-03-26 19:02:33,,"com, do, que, para"
Flamengo,jvzin008,@Jottave0444,"vontade tanta falar citar jogadores flamengo pra engajar nem percebeu paquetá não fala bagre joão pedro, mas cria fluminense né? ai não pode",2026-03-26 19:02:33,,"a, é, de, e, do, que, que, o, do, do, ele, é, do"
Corinthians,Andrus Zanforlim,@AndrusZanforlim,jogasse corinthians já teria sido massacrado faz tempo.,2026-03-26 19:02:33,,"se, ele, no"
Santos,João Pedro,@pedronCZ,"dupla zaga: achei muito inseguros, entrosamento pouca criatividade pra saída bola, 1 gol pelo lado cada não chegou tempo. douglas santos: diferente últimos jogo hoje mal, posição complicada copa",2026-03-26 19:02:33,,"de, sem, e, de, de, um, que, a, dos, foi, para, a"
Santos,Helio Boy Junior,@BoyJunior10123,douglas santos lateral esquerda? dá dó.,2026-03-26 19:02:33,,"e, na"
Santos,✠ﮩ٨ــ,@Gbfxp12,mais útil douglas santos,2026-03-26 19:02:33,,"que, o"
Flamengo,mt,@mt_pinheiro87,"quero luiz henrique flamengo meio ano, bap josé boto faça pix pros russos",2026-03-26 19:02:33,,"eu, o, no, no, do, e, o"
Santos,igo99,@mn_assol4n,"neymar não ajuda santos contra lanterna, magine contra frança",2026-03-26 19:02:33,,"o, o, a"
Internacional,JoaoSantos,@joaosantosecp,parece meu jogador mais não consegue empatar,2026-03-26 19:02:33,,"o, com, um, a, a, e"
Santos,BORBA,@felipeoborba,galera nossos laterais sao wesley cabeça todos douglas santos….,2026-03-26 19:02:33,,"de, nós, e"
Flamengo,Fred Chevitarese,@fchevitarese,kkkk vai foder flamengo,2026-03-26 19:02:33,,se
Botafogo,Dj Tau Brasil,@_T_A_U_,"miserável textor ladrao magnata, vendeu os caras luiz henrrique almada boca mundial clube . brasil seleção botafogo",2026-03-26 19:02:33,,"do, e, na, do, de"
São Paulo,Acervo Brasil,@lunobrj,"paróquia matriz são sebastião, são carlos - são paulo",2026-03-26 19:02:33,,
Corinthians,Museu de memes do Corinthians,@museu_sccp,elenco atual seleção não arrumaria nada jogando contra corinthians arena lotada,2026-03-26 19:02:33,,"essa, da, o, na"
São Paulo,paiN Drunzin | Legends Z-A,@drunyx__,"la cruz estava são paulo semana passada mesmo estúdio pabllo, viu?",2026-03-26 19:02:33,,"e, o, em, no, que, a"
Palmeiras,Big Phil,@felipaoger1985,seleção brasileira me lembra muito palmeiras seguinte aspecto: absoluta falta jogadas pelo meio campo.,2026-03-26 19:02:33,,"a, o, no, a, de"
Santos,aninha knowles,@analurrx,kaiki bruno fez pra ficar banco pra douglas santos pqp,2026-03-26 19:02:33,,"o, que, no"
Santos,Pablo Roberto⊬,@pablroberto,n existe matheus bidu pior q douglas santos.,2026-03-26 19:02:33,,"o, ser, esse"
Botafogo,Esportices Blogcast,@esportices,"vinicius jr fosse jogador do, sei lá, botafogo, jogo hoje não ia pra copa jeito nenhum.",2026-03-26 19:02:33,,"se, por, esse, de, de"
Santos,Church News em Português,@churchnewspt,": élder neil l. andersen, quórum doze apóstolos, ministrou recentemente área pacífico igreja jesus cristo santos últimos dias, visitando papua-nova guiné, austrália, nova zelândia, tonga fiji ao longo 12 dias.",2026-03-26 19:02:33,,"do, dos, na, de, a, de, dos, dos, e, de"
Flamengo,jãoz ᶜʳᶠ,@zjaojaoz,tiraram 2 semanas flamengo leo jardim pra ver merda ai,2026-03-26 19:02:33,,"nos, do, de, essa"
Santos,Junior Nobrega,@juniorFilho23,neymar não joga nem santos ex jogador vamos realista ano vamos eliminado oitavas,2026-03-26 19:02:33,,"no, ser, esse, ser, na"
Botafogo,Edinho do Sport,@edinhodosport,"danilo botafogo entrou bem também, né?",2026-03-26 19:02:33,,do
Santos,letícia,@yunjincarioka,tirem douglas santos dai,2026-03-26 19:02:33,BRAxFRA,o
Corinthians,KauaDuGrau,@KauaDuGrau018,parece tô vendo corinthians jogando,2026-03-26 19:02:33,,"que, eu, o"
Corinthians,erri três sete,@LeonardoR37,"não fez nem contra corinthians, imagina contra frança",2026-03-26 19:02:33,,"o, a"
Santos,Gabriel Ribeiro✠,@GabRibeiro98,tal douglas santos entregou hoje atuação nível christiano.,2026-03-26 19:02:33,,"o, do, uma"
Santos,Gabriel,@saintliberte,cara renan santos quanto altura? cara parece menor kogos kkkkkk,2026-03-26 19:02:33,,"o, tem, de, o, que, o"
Flamengo,isaque alvinegro,@isaquealvinegro,"kkkkkk não pensa botafogo pensar flamengo junto, retrato dessa torcida mais velha",2026-03-26 19:02:33,,"em, sem, em"
Cruzeiro,laranjo ᶜᵉᶜ,@_laranjeirass,cruzeiro esporte clube!!!!!!,2026-03-26 19:02:33,,
Grêmio,Matheus,@MathaFilho,"parabéns pelo post meu parceiro,assim faz post bem explicado. não nem certos jornalistas vem aqui diz simplesmente dizem grêmio deve quase 1 bilhão. notícia vazia prazos valores separados.",2026-03-26 19:02:33,,"que, um, que, que, no, é, que, o, sem, e, sem"
Santos,Guilherme,@gmartinns_,"enquanto acharem matheus cunha, gabriel martinelli, ibañez (?????), douglas santos, lucas paquetá, vinicius jr. são jogadores pra seleção brasileira… vai sempre merda aí kkkkk",2026-03-26 19:02:33,,"que, ser, essa"
Santos,MOISES,@Moiises7_,n importa neymar santos. importante sempre jogou seleção,2026-03-26 19:02:33,,"o, que, é, o, no, é, o, que, ele, na"
Grêmio,𝖽𝗎𝖽𝖺 𖦹๋࣭⭑,@guiltyasduds,"nao to nem assistindo bomba porque so me estresso seleção brasileira, prefiro meu grêmio",2026-03-26 19:02:33,,"essa, eu, com, essa, o"
Flamengo,PEIDAMOSNOCARIOCA,@Daves532545,"flamengo fazendo certo ,ser for algum negócio assim ou sim ou não vinheram atras nessas condições",2026-03-26 19:02:33,,"o, ta, tem, que, ser, e, eles, que, e"
Vasco,emerson,@_emersxn_,vini jr pra seleção tal qual loide augusto vasco,2026-03-26 19:02:33,,"tá, para, o"
Santos,Jefferson bandeira,@Jeffersonb84803,vinícius jr: mas 1 jogo ruim seleção brasileira ( como costume) douglas santos: pior campo mim fora copa luiz henrique: melhor campo está copa mundo.,2026-03-26 19:02:33,,"na, de, o, em, para, tá, da, o, em, na, do"
Fluminense,Paulo Brito,@PauloFBS,douglas santos. não seria titular cinco principais clubes brasil. inclui fluminense.,2026-03-26 19:02:33,,"nos, do, e, isso, o"
Grêmio,Anao Hormonado,@AnaoHormonado_,pelo visto ancelotti não está vendo amuzu grêmio,2026-03-26 19:02:33,,"o, no"
Santos,#Pelé o maior de todos,@fcharmiaski,"problema selecao mesma santos, vc acha banco solucao, aí quando banco começa jogando tirica kkkkk",2026-03-26 19:02:33,,"da, é, a, do, que, o, é, o, é, uma"
Santos,ゆうた,@soninhalanches,douglas santos eh fraquíssimo léo pereira nunca mais vistam camisa seleção,2026-03-26 19:02:33,,"esse, que, ele, e, a, da"
Grêmio,Olga,@ElisaScott48199,quem sabe sugere outra cor não seja grêmio então?,2026-03-26 19:02:33,,"que, do"
Santos,AstroRc22,@AstroRc22,pontos à serem considerados pro brasil : -luiz henrique insano -léo pereira (incógnita) -vini jr (incógnita dentro campo mas necessário) -douglas santos horroroso fora urgente -andrey santos overrated -endrick > joão pedro -bremer garantiu vaga dele,2026-03-26 19:02:33,,"de, a"
Flamengo,Adriano,@sradrianoz,"não comprem gente, são amigas chapel aquela mulher matou criança filha flamengo",2026-03-26 19:02:33,,"elas, da, que, uma, do"
Flamengo,lari,@laaricrf_,"luiz henrique depois copa vai valorizar ainda mais passe dele kkk nem fodendo palmeiras flamengo vao conseguir competir ele, certeza vai pra gigante europeu.",2026-03-26 19:02:33,,"da, o, que, e, por, que, um"
Santos,Letras Minúsculas DJ,@Jota1D,"douglas santos muito fraco, não nível seleção.",2026-03-26 19:01:33,,"é, tem, de"
Santos,Gustavo◤✠◢,@Gustavoschoen,"cara jogador santos. olha ritmo jogo, surreal!",2026-03-26 19:01:33,,"o, no, o, do"
Internacional,Faculdade de Direito da USP,@de_usp,"ampliando representatividade fdusp cenário internacional, professor otavio pinto silva, departamento direito trabalho, está xx encontro jutra ""o trabalho seu direito: modernização ou mutação?"", ocorre até sábado (28/03), cidade faro, portugal.",2026-03-26 19:01:33,,"a, da, no, o, e, de, do, no, e, o, que, na, de"
Santos,Central do Maguire | Fan Account,@CentralMaguire,"douglas santos tão nota 6 chega irritar, não ruim, mas está longe bom, não cruzamento ou presença área, não absurdo defensor, simplesmente mediano dms, assustador ter cara desse como titular seleção",2026-03-26 19:01:33,,"o, é, que, a, ele, é, de, ser, tem, na, é, um, um, da"
Vasco,Pires,@crvg_pires,pararam meu vasco ?,2026-03-26 19:01:33,,"para, isso"
Santos,@quendaprop,·,este brasil craque alisson santos nunca será nada,2026-03-26 19:05:33,,"sem, o"
Santos,Alexsander Silva,@Alexsandercrvg,douglas santos todo quadrado fazer arraste. estou me acostumando assistir cuiabano. até me assustei falta ginga arrastar bola pela esquerda.,2026-03-26 19:01:33,,"o, para, um, a, o, com, a, de, para, uma"
Corinthians,Dr Felipe De Lima Ferreira,@FelipeAndreol12,"time lixo, neymar parece meu corinthians, nem 1 mais faz gol",2026-03-26 19:01:33,,"sem, com, a"
Flamengo,ᶜʳᶠ●𝓔𝓵𝓪𝓲𝓷𝓮 ●¹⁸⁹⁵,@NANNY_CRF1895,"""convocômetro"" cravou léo pereira. nação não decepciona nunca.",2026-03-26 19:01:33,"FLAMENGO, BRAXFRA","o, a"
Santos,Henrique Dutra,@henriquedutra01,douglas santos não melhor enzo diaz,2026-03-26 19:01:33,,"é, que, o"
Flamengo,KauaDuGrau,@KauaDuGrau018,juíz flamengo ???? falta pros gente boa não dá nunk,2026-03-26 19:01:33,,"é, o, do"
Santos,reis,@crf_reix,"andrey santos jogando pra caralho, nossa, destruindo!",2026-03-26 19:01:33,,"tá, tá"
Vasco,chute a gol,@chuteagol,"gente viu jogos dele pelo santos. contra vasco tomou 6 0. paulista conseguiu jogar só 2 jogos eliminado pelo novorizontino. brasileiro beira z4. mas ia arrebentar contra frança sim, confia.",2026-03-26 19:01:33,,"a, nos, o, de, a, no, e, foi, no, tá, na, do, a"
Vasco,The BAD VASCAÍNO,@denysvasco,agora partir revenda saf vamos saber quanto milhões ou bilhões vasco vai arrecadar postagem esdrúxula cabimento invejosa mas verdade tremem,2026-03-26 19:01:33,,"a, da, da, o, sem, e, a, é, que, eles"
Internacional,anittavﾒ𝟶,@anittavx_,"“anitta não carreira internacional” hoje confirmada snl, santo diva babado, né?",2026-03-26 19:01:33,,"tem, no, o, da, é"
Corinthians,dana,@gukqing,parece to vendo corinthians jogar nao elogio,2026-03-26 19:01:33,,"que, o, e, isso, é, um"
Internacional,el muchacho de los ojos tristes,@justiury,quando os cara apanha aí existe direito internacional kkkkkkkkkkkkkkkkkkkkkkk,2026-03-26 19:01:33,,
Flamengo,ela escreve tudo,@elaescrevetudo,avisa pro técnico dispensar esses jogadores chamar todo time pra copa! único time q pode ganhar alguma coisa!,2026-03-26 19:01:33,BRAxFRA,"e, do, essa, o"
São Paulo,Claudia Raposo,@clauclamera,"feliz aniversário presidente , opsss governador são paulo. muitas coisas boas sua vida, entre elas, muita paz, felicidade, sucesso saúde.",2026-03-26 19:01:33,,"de, na, e"
Flamengo,enhypen is 7,@kagayamar,preciso luis henrique ex botafogo flamengo 2026,2026-03-26 19:01:33,,"do, no, em"
Santos,N3RØ,@neroggwp,galera q pede neymar seleção não deve ter visto os últimos jogos desse cara santos ne,2026-03-26 19:01:33,,"essa, na, no"
Corinthians,Lucas,@notliewie,corinthians ia ter 2 jogadores elenco,2026-03-26 19:01:33,,no
Flamengo,Ficar puto com atleta Marcão é pior,@imperadorMendig,flamengo q pagou 43 paquetá horroroso poderia ter comprado luiz henrique kkkkkkkkk,2026-03-26 19:01:33,,"e, o, no, e, o"
Flamengo,Cigarro de artista,@tiagoluizcr,raphinha vini jr pela seleção dupla diego diogo pelo flamengo 2010,2026-03-26 19:01:33,,"e, é, a, e"
Santos,Bruno,@Bruno_HFRF_,luís henrique danilo bremer andrey santos douglas santos ibanez igor thiago fez falta bruno guimarães marquinhos,2026-03-26 19:01:33,,"o, e"
Palmeiras,SEPgimenez,@Gimenezzz12,mais partida horrível palmeiras khelvven murilo precisam encontrar outro emprego urgentemente,2026-03-26 19:01:33,,"uma, do, e"
Corinthians,Great Chimba,@chimbaaaz,pior tomou gol mais defensáveis hugo hate menor. não sei pq hugo negro ou pq joga corinthians,2026-03-26 19:01:33,,"que, ele, que, o, e, o, é, se, o, é, no"
Palmeiras,Dz Rodrigues,@dzrodrigues,brasil está frança assim como spfc esta virou 'freguezasso',2026-03-26 19:01:33,,"o, para, a, o, para, o"
Flamengo,TETRACAMPEÃO DA LIBERTADORES,@EmersonJun69111,"jogo seleção sempre mesma coisa. jogador erra bisonhamente, algum jogador flamengo próximo lance culpa vai cair nele",2026-03-26 19:01:33,,"da, é, a, tem, do, do, a"
Flamengo,.,@flamenvan,tentei entrar 3 links flamengo nenhum existe.,2026-03-26 19:01:33,,"nos, do, e"
Internacional,Silvanei Vanvan,@SilvaneiVanvan,direito internacional só lembram quando precisam dele.,2026-03-26 19:01:33,,
Vasco,Shuya ⓟ,@br_shuya,situações só acontecem vasco,2026-03-26 19:01:33,,"que, no"
Atlético Mineiro,Tiago,@tiagoatehoje,atlético estão falando seu nome aqui.,2026-03-26 19:01:33,,
Vasco,Brn,@brun4zxl,"cara leva 6 vasco, não ganha novorizontino mas vai acompanhar francês correndo jeito tão aquele joelho farelo mata qualquer",2026-03-26 19:01:33,,"o, do, do, do, que, com, de, um"
Cruzeiro,Velho Pingão - O chefe do Samucudo,@MatheusChiclet,plata indisciplinado está precisando mesmo perfil linha dura como velho pinguço dono cruzeiro,2026-03-26 19:01:33,,"de, um, é, o, do, que, é, o, do"
Botafogo,luanzin,@euluanzin7,"lh fazendo campo nem me assusta, já tô acostumado ver fazer botafogo",2026-03-26 19:01:33,,"isso, que, o, tá, em, a, ele, isso, no"
Vasco,Safrado,@peh_o,"fora teve ajuda arbitragem primeiros minutos vasco, fora gol lá bola saiu toda",2026-03-26 19:01:33,,"que, da, nos, o, o, que, a"
Flamengo,Bigode Grosso,@souldevorer,"sanha repentina bi-rebaixados colocarem como bixos papões américa junto flamengo. não ganham nada dois anos! clube investe mal, técnico desgastado. voltem ganhar, porque daqui pouco quem estará vivendo passado serão",2026-03-26 19:01:33,,"e, essa, dos, se, da, com, o, a, tem, um, a, a, de"
Grêmio,dezordi,@DezordiTrapala,jogar mais só vantagem quando outro time jogando contra grêmio,2026-03-26 19:01:33,,"com, um, a, é, é, o, o"
Vasco,DaRua,@MtsjrCRF,"desisti ver porra jogo, impossível mané parece to vendo jogo vasco",2026-03-26 19:01:33,,"de, a, do, que, eu, um, do"
Santos,L1,@LeandrHqe,não possível brasil não tenha lateral melhor douglas santos,2026-03-26 19:01:33,,"é, que, no, um, que, esse"
Santos,ele mermo,@ele_mermo11x,"pelo amor deus, neymar santos não parâmetro pra nada, absolutamente nada. vejo vini raphinha 2 anos nessa seleção jogar nada, mas neymar não pode? não existe",2026-03-26 19:01:33,,"de, no, é, eu, o, e, a, sem, o"
Internacional,Insônia Gremista,@criptogremio,não ironicamente lugar casemiro sofreria aquela falta treinam muito internacional,2026-03-26 19:01:33,,"no, do, ele, eles, isso, no"
Santos,Corneteiro Alvinegro,@corneteiro1910,quem observador seleção indicou douglas santos?,2026-03-26 19:01:33,,"foi, o, da, que, o"
Vasco,jessicat,@jessicaliandra_,"seleção tal qual vasco gama hoje, pqp",2026-03-26 19:00:33,,da
Cruzeiro,Marcosᶜᵉᶜ,@printfmarcos,vini jr jogando menos wanderson cruzeiro,2026-03-26 19:00:33,,"que, o, do"
Flamengo,Pedro,@Pdgzin7,leva flamengo pra copa trás taça muita fé,2026-03-26 19:00:33,,"o, que, nós, a, e"
Flamengo,Biriba Vegano,@biribavegano,"fraudícius júnior não condição pra jogar seleção, muito menos esses lixos flamengo defesa. lh danilo: necessários copa. brasil campeão passa diretamente jogadores botafogo time.",2026-03-26 19:00:33,,"tem, na, do, na, e, na, por, do, no"
Flamengo,Flamengo,@Flamengo252219,casemiro não flamengo kkkkk surtam,2026-03-26 19:00:33,,"é, ele, com, isso"
Cruzeiro,dan,@goldodann,cruzeiro?,2026-03-26 19:00:33,,
Corinthians,gean carlos,@geancarloscz95,"vamos fingir joelho não salvou vcs segunda divisão, concordo jogou mal contra corinthians. precisa melhorar fisicamente, creio consiga, mas espaço.",2026-03-26 19:00:33,,"que, com, um, ele, da, que, o, que, tem"
Vasco,crack baby,@hanexst,"slk proteção espiritual fortíssima, quase fui vasco causa doguinho q brotou nada meio escuro, sentir verdadeiro terror moto quase batendo 70 km/h",2026-03-26 19:00:33,,"de, por, de, um, do, no, do, o, com, a"
Santos,Samuel D'fiel,@dfiel12,pensava tinha sido douglas santos. mas obrigado me confirmar quem animal deu passe desse sozinho marcação.,2026-03-26 19:00:33,,"eu, que, o, por, foi, o, que, um, sem"
Santos,Léo Pereira ᶜʳᶠ,@leocrf_10,gente neymar fosse tudo mesmo santos estaria numa situação melhor,2026-03-26 19:00:33,,"se, o, isso, o"
Fluminense,reis,@crf_reix,convoca fluminense vai dar certo kkkk,2026-03-26 19:00:33,,"do, que"
Vasco,Lotto,@matheuslotto,me sinto torcedor vasco assistindo seleção. desanimador.,2026-03-26 19:00:33,,"um, do, essa"
Vasco,Larissa,@kitsLarisss,"aí não superou até hoje vini jr estar ex dele, né? neymar jogou 3 copas não levou nenhuma, quando não levando 6x0 vasco",2026-03-26 19:00:33,,"esse, o, com, a, e, isso, tá, de, do"
Santos,Tito,@TitoGremistazo,renan santos será eleito kkk,2026-03-26 19:00:33,,
Vasco,Vinicius Andrade ◤✠◢,@orionzera,vasco renato gaucho já teria virado jogo,2026-03-26 19:00:33,,"o, de, esse"
Corinthians,Pedro Silva,@PedroBaloti,"corinthians era brincadeira, meu deus",2026-03-26 19:00:33,,esse
Cruzeiro,Cartola,@cartolafc,tricolores também definidas duelo contra cruzeiro pelo brasileirão feminino,2026-03-26 19:00:33,mercado,"para, o"
Flamengo,sergioluizp,@sergiolp116,"alemanha vence brasil novo 7. não, pera ai, foram 7 ministros venceram os aposentados. tipo flamengo jogando contra ibis.",2026-03-26 19:00:33,,"o, de, por, que, o"
Flamengo,André /,@ChamaDesgraca,"irmão, acho inacreditável léo pereira chamado pra seleção dps humilhado pelo yuri, só flamengo pra acontecer algo assim",2026-03-26 19:00:33,,"eu, o, ser, de, ser"
Santos,Ig Nunes,@_ignunes,ederson- acabou douglas santos- fraco andrey santos- fraco lento joão pedro- jogo grande pipoca vini- só presta real raphinha- só presta barça danilo- mudou jogo igor thiago- poucos minutos luiz henrique- melhores casemiro- melhores,2026-03-26 19:00:33,BRAxFRA,"e, no, no, o, um, dos, um, dos"
Flamengo,Maria Santos,@MSantos69538,flamengo,2026-03-26 19:00:33,TVZAoVivoComAlvxaro,
Palmeiras,Alex Titovsc,@AlexTitovsc,não só pardal italiano não toda mídia nojenta odeia palmeiras os péssimos técnicos passaram recentemente pela seleção torço contra mesmo bosta dessa seleção brasileira,2026-03-26 19:00:33,,"é, o, é, que, o, e, que, por, isso, essa"
Flamengo,@almeiidacrf,·,"trazer luíz henrique independente valor. ou meio ano, ou final pra começar temporada 27 já aqui. acima média, jogador resolve jogo.",2026-03-26 19:05:33,,"o, tem, que, o, do, no, do, no, a, é, da, que"
Santos,Adriano Braga,@bragaadrianoo,"cara, douglas santos vontade alguma. pra mim, futebol jogando, condições ir copa",2026-03-26 19:00:33,,"sem, com, esse, que, ele, ta, sem, de, a"
Flamengo,FERNÃO DIAS PAIS,@FernaoPais,"este ""brasa"", continuar assim, não passa 1a fase copa! vc achando estão jogando bem!! vendo muito jogo cruzeiro! até 1 menos tomaram outro gol! pelo menos serve pra ver este léo pereira este lateral roma, só torcida flamengo engole!",2026-03-26 19:00:33,,"a, da, da, e, que, tá, do, com, a, que, e, do, a, do"
Flamengo,Grok,@grok,"motivo frustração crise futebol brasileiro: pior campanha história eliminatórias copa 2026, caos político cbf (com intervenções judiciais presidentes derrubados), dívidas mau desempenho clubes como flamengo, corinthians botafogo, além perda",2026-03-26 19:00:33,,"o, é, a, com, a, no, da, nas, da, na, e, e, em, e, da"
Santos,mari,@atalamari,leo pereira = enviado campo reeducação interior tocantins douglas santos = abandonado meio teerã bandeira israhell testa vini jr = exilado selva venezuelana,2026-03-26 19:00:33,,"para, um, de, no, do, no, do, com, a, de, na, na"
Flamengo,jurídico kaio jorge,@nalucec,dá vc levar jogador só flamengo,2026-03-26 19:00:33,,"isso, que, por, ser, do"
Santos,Yami nobre ˢᶠᶜ,@yami_nobre,"quem disse q precisa ficar bola, precisa distribuir jogo atrair marcação, problema q santos entrega bola pra espera q seja zagueiro, atacante, meia volante",2026-03-26 19:00:33,,"e, ele, com, ele, e, o, é, o, a, ele, e, ele, e"
Santos,Fill ©®. Flamengo,@Fillrocha93,só mandar matheus cunha andrey santos não nesse meio campo,2026-03-26 19:00:33,,"o, ele, e, da"
Flamengo,renanananannananan,@o_renanr,"torcedor flamengo globo colocaram léo pereira seleção cara perdido marcando olise segundo gol deixou mbappe passar passagem, aí enquete 55% acha q cara devia voltar, prra tmnc quem acha q verdade",2026-03-26 19:00:33,,"o, do, e, a, é, que, esse, na, o, o, no, e, o, de, a, o, isso, é"
Santos,Gleybson Borges Lima,@Gleybsonborges,"não joga, não convocado, não joga nem santos contra vai ficar fora jogando ou não jogando!",2026-03-26 19:00:33,,"é, no, o, e"
São Paulo,Gabi,@gabisonzer,dia 25 abril stalia juntinhas the l club são paulo,2026-03-26 19:00:33,,"de, tem, no, em"
Botafogo,Bebel,@costa_gcc,"agradeço todo dia pela venda botafogo, nao era papo dominância",2026-03-26 18:59:33,,"eu, do, se, de"
Corinthians,Jantadas SCCP,@jantadasccp,não pois não são corinthians,2026-03-26 18:59:33,,do
Botafogo,Prof. Steve Magal,@MarioGasparr,"empresário botafogo vão tirá-lo remo, muito alto valor compra",2026-03-26 18:59:33,,"e, o, do, o, de"
Flamengo,Oráculo ✠,@xlotif,jogador flamengo seleção = fracasso,2026-03-26 18:59:33,,"do, na"
Santos,veyron,@veyron7t3n,"mano douglas santos aberração jogador, nunca vi lateral nao cruza, cara faz meus olhos sangrarem vendo jogar",2026-03-26 18:59:33,,"esse, e, uma, de, eu, um, que, esse, ele"
Palmeiras,"Aldo Luís Democracia, sempre!!!",@aldoluis1,"brasil precisando empatar, jogador mais, deixando frança trocar passes como quer. veja técnico pardal como joga menos. vini jr era pra ter pqp. difícil ver seleção assim.",2026-03-26 18:59:33,,"com, um, a, a, do, se, com, um, a, a"
Santos,Giovanne ★彡,@giovrolo,"nosso camisa 10 não sabe jogar bola ainda como capitão, não existe convocado, veste camisa seleção caga inteiro, erra tudo! vini raphinha, martinelli, andrey santos não merecem nem convocação!",2026-03-26 18:59:33,,"e, tá, ele, ser, ele, a, da, e, se"
Santos,Caio Alandia,@AlandiaCaio,"pior síndrome estocolmo ferrada, pq neymar mal próprio santos time dono página.",2026-03-26 18:59:33,,"que, isso, é, uma, de, o, tá, no, que, é, o, do, da"
Atlético Mineiro,showbricio,@AdoroLoirinhas,clube atlético mineiro,2026-03-26 18:59:33,,
Corinthians,fabio,@fabiobuzzo,corinthians ficando elenco toda temporada,2026-03-26 18:59:33,,sem
Corinthians,ravena,@ilahrie,brasil muito corinthians,2026-03-26 18:59:33,,é
Santos,Discuto com imbecis,@ImbecilReborn,"douglas santos cara frentista posto gasolina,menos jogador futebol!",2026-03-26 18:59:33,,"esse, tem, de, de, de, de, de"
Flamengo,Fernando SCI 1909,@Fernandolost87,torcedor flamengo forçando caras horríveis ai,2026-03-26 18:59:33,,"isso, é, do, esse"
Flamengo,Mike ˢᵉᵖ ,@miikesep,flamengo seleção não combinam fato,2026-03-26 18:59:33,,"e, isso, é, um"
Flamengo,Guxa1964,@GuxaPetropolis,falou besteira aqui meu caro! flamengo jogo menos fluminense pateta! paquetá está fora copa aonde ???,2026-03-26 18:59:33,,"o, tem, um, a, que, o, e, o, da"
São Paulo,Markos Funjel,@funjel70,time brasil parece time são paulo tão ruim!,2026-03-26 18:59:33,,"do, o, do, de"
Flamengo,Kaio,@kaiohenricunha,"ainda os perebas flamengo/palmeiras sempre, superestimados clubismo.",2026-03-26 18:59:33,,"e, tem, de, de, por"
Santos,Léo Pereira ᶜʳᶠ,@leocrf_10,pq santos está situação atual?,2026-03-26 18:59:33,,"e, o, na"
Fluminense,Brasileirão Feminino,@BRFeminino,começouuuuuu! cruzeiro x fluminense pela 5ª rodada brasileirão feminino! ao vivo:,2026-03-26 18:59:33,,do
Cruzeiro,᥅ꪮᥴᛕ ꪑꪖ᥅ᥴ꠸ꪖꪀꪮ,@Vitasdorockof1,fizeram cara joao bobo moral época q seleção tinha maluco aí tinha virado pancadaria igual cruzeiro atletico,2026-03-26 18:59:33,,"o, de, na, na, isso, uma, do, e"
Cruzeiro,demônio de hell's kitchen ⁴⁴,@jenswifeyc,quando cruzeiro ganhar boca franco chorar eim,2026-03-26 18:59:33,,"e, o, do, e, o"
Santos,be,@beLH44,douglas santos muito ruim,2026-03-26 18:59:33,BRAxFRA,"esse, é"
Santos,Daniel Cordeiro,@danccordeiro,"douglas santos pra rússia skin pedreiro ao invés achar loira, achou vaga copa mundo.",2026-03-26 18:59:33,,"foi, com, de, e, de, uma, foi, uma, na, do"
Corinthians,cayo,@cayorrlc,"mas camera identica arena corinthians exemplo, sinal galera paga pau",2026-03-26 18:59:33,,"essa, é, a, da, por, que, por, a"
Santos,MENINO DE OURO,@DjYgorKovansky,"não aguento mais ver douglas santos nessa lateral, horrível",2026-03-26 18:59:33,,"o, ele, é"
Corinthians,Mateus Nhoatto,@MateusNhoa17773,"veja entrevista zagueiro novorizontino entrevista depois terem eliminado corinthians já enfrentado todos os times campeonato. obvio neymar mal, mas seleção bela bosta gente ali trocar pelo neymar nao vai fazer diferença",2026-03-26 18:59:33,,"a, do, do, em, uma, de, o, e, do, que, o, ta, essa, ta, uma, e, tem, que, se"
São Paulo,🄻eocacl,@leocacl,2026 vagabundo ainda fica incomodado fumaça ... morando são paulo!!!,2026-03-26 18:59:33,,"e, com, em"
Santos,Claudio,@lccsanches,verdade q douglas santos wesley não são jogadores seleção. são fraquissimos,2026-03-26 18:59:33,,"a, é, e, de"
Santos,TGV,@Tiago41051244,diferença jogadores são santos futebol clube,2026-03-26 18:59:33,,"a, é, que, o, do"
Vasco,"Rodrigo ""O Chico""",@RodrigoOChico,vini jr real = melhor mundo vini jr brasil = reserva,2026-03-26 18:59:33,"SeleçãoBrasileira, BRAxFRA","no, do, no, do"
Santos,jean,@jeancraque,fico vendo esses caras nunca chutaram bola vida falar merda quem viu pirlo jogar não tinha intensidade jogava só vcs acham cara não poupando nesses jogos fora qualidade santos,2026-03-26 18:59:33,,"que, uma, na, ele, com, a, que, o, tá, se, e, que, a, do, é"
Santos,joão aranda,@joaoaranda14,douglas santos hoje seria bom reserva pro bidu,2026-03-26 18:59:33,,um
Fluminense,Ari Daopacha,@Juanistah,"pantera zenit pra inglaterra, la pros trinta pouco volta pra br pro botafogo ou fluminense pra encerrar carreira",2026-03-26 18:59:33,,"é, do, e"
São Paulo,Sudden Tricolor,@suddentricolor,"pensei data fifa vendo seleção não passaria raiva são paulo, chega hoje vejo ferrerinha vestindo",2026-03-26 18:59:33,,"que, na, a, eu, com, o, o, a"
Fluminense,Pedro Ricciardone,@RICCIARD0NE,fluminense ganhava jogo aí tranquilo,2026-03-26 18:59:33,,esse
Santos,Felipe Gimenes #VAICORINTHIANS,@Felipegimenees,amistoso deixa claro quem não pode vestir camisa - douglas santos - ibanez não,2026-03-26 18:59:33,,"esse, a, da"
Botafogo,Blog do Escobedo ᶜʳᶠ ¹⁸⁹⁵,@escobedo042,dia botafogo for campeão mundial.,2026-03-26 18:59:33,,"no, que, o"
Internacional,M I R T I L O,@mirtilopody,diria 2022 surto camarão internacional.,2026-03-26 18:59:33,,"eu, que, foi, de"
Flamengo,o que o Guilherme anda pensando?,@guilhermthegoat,"bom lembrar vc não entende nada futebol máximo assiste flamengo vez quando, então sua opinião nem conta",2026-03-26 18:59:33,,"que, de, e, no, o, de, em"
Flamengo,mente do palhaço,@luislipefs,flamengo precisa contratar luiz henrique vini jr entrosar dupla,2026-03-26 18:59:33,,"e, para, a"
Flamengo,Fábio,@fbrebeldes,larga puta rapa cara já falou não joga flamengo,2026-03-26 18:59:33,,"de, ser, o, que, no"
Santos,Warriors da Deprê,@gswdadepre,gente for pra copa lateral pau mole douglas santos tamo fudido,2026-03-26 18:59:33,,"se, a, com, esse"
Vasco,IG: @angilbertomnz,@angilbertomnt,"tão chamando seleção brasileira vasco, vou sair girando murro igual blaiblade",2026-03-26 18:59:33,BRAXFRA,"a, de, no"
São Paulo,Eduardo Capaldo,@capaldo_eduardo,fui preso pelo ice estou sendo obrigado viver são paulo,2026-03-26 18:59:33,,"e, a, em"
Flamengo,Gibson,@GibsonGabriel20,flamengo grande dms kkk,2026-03-26 18:59:33,,é
Corinthians,LU4NZITO,@luan_olivei7,vinícius júnior seleção pior talles magno corinthians. meus olhos sangram,2026-03-26 18:59:33,,"o, na, é, do, que, o, no"
Botafogo,TYR ★彡,@_JoaovictorSSW,"luiz henrique absurdo jogador danilo craque demais tbm, como queria ter visto os dois juntos botafogo",2026-03-26 18:59:33,,"o, é, um, de, e, o, é, eu, no"
Santos,@lgustavo,@LuizGustav21076,"neymar vai carimbar passaporte nessa data fifa. outra , vai chegar ponta cascos. santos vai pré temporada vai chegar inteiro pra copa pela primeira vez. brasil hexa. neymar craque copa . vou até printar aqui.",2026-03-26 18:59:33,,"e, na, dos, o, ser, a, e, ele, uma, da"
Cruzeiro,ratodocruzeiro,@RATOcec,hoje cruzeiro ???? entao react cabuloso vem nois ver as mina!,2026-03-26 18:59:33,,"tem, tem, com"
Santos,Aleatório,@alysman074,danilo santos entrou bem,2026-03-26 18:58:33,,o
Flamengo,lyn,@opheliapoets,queria flamengo,2026-03-26 18:58:33,,"ele, no"
Flamengo,cerriseven,@imsyren_,flamengo nele!,2026-03-26 18:58:33,,
Fluminense,laura,@folkloriws,alguém favor dá jeito trazer luiz henrique volta pro fluminense,2026-03-26 18:58:33,,"por, um, de, o, de"
Internacional,liv,@namplantajoon,acabei descobrir pra fazer compra precisa cartao internacional…. vou ter recorrer aos meus superiores (meus pais),2026-03-26 18:58:33,,"de, que, a, de, um, que"
Santos,Caio Ribeiro,@caiocrjr7,"douglas santos mds, não dá não kkkkkkkk",2026-03-26 18:58:33,,esse
Grêmio,matador de sapientes ⸸,@oculostortinho,quero apedrejar todos os membros grêmio cefetiano,2026-03-26 18:58:33,,"eu, do"
Santos,Filipe Luis,@juniorcp88,"douglas santos horrível, não sai nada produtivo",2026-03-26 18:58:33,,"é, de"
Santos,Fabiano Canuto,@FabianinhoGomes,douglas santos muito fraquinho também,2026-03-26 18:58:33,,é
Flamengo,Cel. Mostarda,@gfcardoso25,coisa gente admitir: torcida flamengo impressiona. pq só flamenguista fanático levaria léo pereira copa.,2026-03-26 18:58:33,,"uma, a, tem, que, a, do, um, para, a"
Flamengo,Chato Palestra,@chatopalestra,mal flamengo faz ao futebol brasileiro saiu daqui pra fora. convoca-se léo pereira revela-se vini jr.,2026-03-26 18:58:33,ForaFlamengo,"o, que, o, na, e, foi, e"
Cruzeiro,vini porco robert,@viniporcorobert,"pô pelo amor deus, vcs não devem assistir os jogos cruzeiro não, cara muito mal",2026-03-26 18:58:33,,"de, do, o, tá"
Santos,Laert,@Could_66,"douglas santos não condições nenhuma seleção, lateral extremamente fraco.",2026-03-26 18:58:33,,"esse, tem, de, ta, na"
Corinthians,hugostoso 愛,@hugoricardin,"assisto corinthians brasil nao sei diferenciar vitinho vinicius jr, pqp bagre",2026-03-26 18:58:33,,"eu, e, e, de, que"
Santos,Rafael B. Rodrigues,@Rafaael15,vini jr quebrando bola! douglas santos condições. me ajuda ancelotti,2026-03-26 18:58:33,,"a, sem"
Santos,TETRA E ENEA,@Alehbernacchi,douglas santos horrível pqp,2026-03-26 18:58:33,,
Santos,aura + ego + clt,@graphaelkkjk,"douglas santos ridículo maluco n noção nenhuma pelota pqp, maluco torto caralho vai tomar cu",2026-03-26 18:58:33,,"esse, é, tem, da, do, no"
Fluminense,TurbinasPaulista,@turbinasCalote,prepare bunda fluminense,2026-03-26 18:58:33,,a
Cruzeiro,Bruno Fanticellli,@BrunoFanti89,cruzeiro 1mihao vezes maior as frangas,2026-03-26 18:58:33,,"é, de, que"
Corinthians,ana,@vomitomt,pq corinthians jogando contra frança,2026-03-26 18:58:33,,"o, tá, a"
Botafogo,Luiz bfr,@LuizGonalv47054,engraçado vcs anulam brasileiro botafogo 68 contam título 20 anos anteriores kkkkkkkkkkkkkk n n i c o!,2026-03-26 18:58:33,,"o, do, de, e, de, a"
Flamengo,Rafael,@faelgalo10,vini pegada neguebinha flamengo,2026-03-26 18:58:33,,"na, do"
Flamengo,Léo Donizeti,@leodonizeti,cara ja cansou repetir não gosta flamengo. pagina bosta dessa,2026-03-26 18:58:33,,"o, que, de, que, do, de"
Corinthians,hlize viu o riize,@renjunprinces,mais fácil corinthians bi liberta dq brasil hexa,2026-03-26 18:58:33,,"o, ser, da, o, ser"
Santos,João Scheffer,@jzscheffer,não condições douglas santos jogador futebol. fase chegamos.,2026-03-26 18:58:33,,"tem, esse, ser, de, que"
Flamengo,Debora Maria,@DeboraM76753594,torcida flamengo aki fora.,2026-03-26 18:58:33,,"ela, e, a, do"
Cruzeiro,Cruzeiro Feminino,@CruzeiroFem,"0’ | 1t | começa jogo arena jacaré! vamos busca vitória, cruzeiro! | 0x0 |",2026-03-26 18:58:33,"CRUxFLU, AsCabulosasNoBrasileirão","o, na, do, em, da"
Palmeiras,Draicker,@Draicker13,"imagina palmeiras luiz henrique danilo time, pqp. ainda ia ter gente defendendo futebol meia boca palmeiras, futebol puro resultado.",2026-03-26 18:58:33,,"um, com, e, no, um, no, de"
Flamengo,Seleção Verde,@SelecaoVerde,depois ver palmeiras eliminando flamengo zico brasileiro 79 4x1 pleno maracanã.,2026-03-26 18:58:33,,"que, eu, o, do, no, de, com, em"
Santos,MANO GAGUIM,@K_SaryEldin,kaiki lugar d. santos próximo jogo,2026-03-26 18:58:33,,"no, do"
Santos,Marcelo Perdigão,@marceloperdigao,não queria douglas santos fortaleza. lateral fraco!,2026-03-26 18:58:33,,"eu, esse, no, que"
Santos,Cão peludo,@bolotinha_13,quem precisa dele santos. não consegue jogar nem,2026-03-26 18:58:33,,"é, o, ele"
Santos,Andrezão PORCO REI 19/45,@oporcorei1914,"notas porco rei ederson - 0 wesley - 0 léo pereira - 0 bremer - 0,75 douglas santos - 0 casemiro - 0 andrey santos - 0 matheus cunha - 0 raphinha - 0 martinelli - 0 vinícius junior - 0 luis henrique - 0,5 igor thiago - 0 danilo - 0 ibañeiz - 0 gabriel sara - 0",2026-03-26 18:58:33,,do
Santos,NANDO,@nandoribeir_,douglas santos fraco fracos kaiki tiver oportunidade contra croácia vai tomar titularidade,2026-03-26 18:58:33,,"dos, se, a"
Vasco,Baeta,@daniel_baeta,"brenner reserva vasco titular seleção, como explica?",2026-03-26 18:58:33,,"no, na, que"
Corinthians,Lucas,@meliizxz,"parece tô assistindo jogo corinthians, contra lanterna brasileirão pqp",2026-03-26 18:58:33,,"que, um, do, o, do"
Santos,lari,@LarissyAraujoo,q douglas santos? joga nada,2026-03-26 18:58:33,,"é, esse"
Santos,Mattos,@_wiltonMatos,"papo reto, colocar parceiros meus várzea pra jogar santos ou seleção brasileira, desenrolam bem mais!",2026-03-26 18:58:33,,"se, uns, da, no, na, eles"
Flamengo,Lambreta #freepalestine,@sucodepamonha,"""só pegam pé vini, pq jogou flamengo"" vini kkkkkkkkkkkkkkkk",2026-03-26 18:58:33,,"no, do, ele, no, o"
Santos,kaiser,@Miranda96016765,nem santos n esta precisando imagina seleção,2026-03-26 18:58:33,,"o, a"
Vasco,rlzkkk,@rlzkkksfc,como assim não fez nada contra vasco? meteu 2 ganhou partida sozinho ano,2026-03-26 18:58:33,,"ele, o, ele, e, a, esse"
São Paulo,WAP75,@AlvesTrade,bolsa tráfico!!! luladrão presidente tráfico foro são paulo!,2026-03-26 18:58:33,,"do, do, de"
Santos,Leal,@Juanzada5,douglas santos não condições pqp joga vergonha,2026-03-26 18:58:33,,"esse, tem, com"
Santos,igu aka pepe,@comoqomano,espero douglas santos tenha lesão (intervenção divina) aposente inss recebendo salario minimo meio,2026-03-26 18:58:33,,"que, o, uma, e, se, no, um, e"
Flamengo,mt,@mt_pinheiro87,"tudo envolve flamengo assim, torcem contra melhores mundo só pq cria flamengo kkkkkkkkkkkkk",2026-03-26 18:58:33,,"que, é, eles, uns, dos, do, é, do"
Corinthians,TETRA DA LIBERTADORES,@FetuSavu37043,vagabundo q pede neymar não viu santos x corinthians não?. onde apanhava bola.,2026-03-26 18:58:33,,"ele, da"
Santos,André Schappo,@andreschappoo,douglas santos léo lado esquerdo incrivel,2026-03-26 18:58:33,,"e, que"
Santos,Douglas Mayer,@ddmaiier,douglas santos ? jogou onde ???,2026-03-26 18:58:33,,
Flamengo,Rayssa,@lts_ray,luiz henrique flamengo amanhã!!!,2026-03-26 18:58:33,,no
Santos,Raymorais Castro,@CastroRaym81933,prr jota não conseguindo fazer nem jogando santos santos acha mesmo quer vai mudar alguma coisa?,2026-03-26 18:58:33,,"ele, ta, isso, no, no, tu, ele"
Santos,LEOYYZ,@LEOYYZ,douglas santos mesmo movimento corporal rené,2026-03-26 18:58:33,,"tem, o, do"
Santos,LUCHO MAGO ACOSTA,@_1902FFC,"falo. vini jr horrivel, douglas santos horrivel, raphinha",2026-03-26 18:58:33,,
Santos,jlingz,@goldolingard,"douglas santos horroroso, meu pai amado",2026-03-26 18:58:33,,"esse, é"
Santos,Igor,@MaximianoCRVG,"douglas santos mais horríveis já foram convocados, mlq lixo crl",2026-03-26 18:58:33,,"esse, é, um, dos, que, do"
Palmeiras,𝐏 𝐇 𝐄 𝐋 𝐈 𝐏 𝐄,@PhilAndTheJets,parece ataque palmeiras contra os deportes titicaca bolívia todo ano libertadores,2026-03-26 18:58:33,,"o, do, da, na"
Santos,mafe,@i2jennas,to falando serio quem douglas santos só temos opçao,2026-03-26 18:57:33,,"é, e, por, que, essa"
Santos,Rodrigo,@manuchegou,ruinzinho douglas santos,2026-03-26 18:57:33,,"é, o"
Santos,Gabriel de Barros,@gaabriel_bfr,"absurdo seleção brasileira depender jogadores como vinícius júnior, léo pereira douglas santos. pior geração história disparado.",2026-03-26 18:57:33,,"a, de, e, da"
Vasco,Tiago Dezan,@TiagoDezan,"cara não fez nada contra vasco, mas destruiria frança…",2026-03-26 18:57:33,,"o, o, a"
Santos,João,@Rezendeffc,"vinicius jr, leo pereira, douglas santos, bremer pode enfiar dentro cu outro, pqp todos fracos",2026-03-26 18:57:33,,"um, do, do"
Corinthians,Klaus Ferrer,@PokeKlausGo,"menos dentro corinthians, corinthiano.",2026-03-26 18:57:33,,"o, que, tem, do, é"
Santos,Joga Sujo,@Geovanne_JS,partida tenebrosa douglas santos,2026-03-26 18:57:33,,do
São Paulo,30e,@30ebr,são paulo - 30/4 - espaço unimed são paulo - 1/5 - espaço unimed ⁠rio janeiro - 16/5 - vivo rio curitiba - 27/6 - igloo super hall porto alegre - 4/7 - auditório araújo vianna - nova data recife - 22/8 - classic hall belo horizonte - 5/9 - befly hall,2026-03-26 18:57:33,,de
Flamengo,M4theus Fns,@matheusfns29,"vem flamengo, monstro.",2026-03-26 18:57:33,,"para, o"
Santos,emerson,@emerswn,douglas santos muito ruim,2026-03-26 18:57:33,,é
Corinthians,GALO,@mariodecastr,"meu caro, contra inter corinthians teve dificuldades manter posse bola, imagina tchouameni kante marcando",2026-03-26 18:57:33,,"se, e, ele, em, a, de, com, um, e"
Flamengo,@emylearauj0,·,flamengo protagonista não como,2026-03-26 19:05:33,,"é, o, tem"
Santos,C.R.V.G,@AdrianoFontine4,"acho esses torcedores são demente cabeça, será assiste os jogos santos quando neymar jogando ? cara andando campo",2026-03-26 18:57:33,,"que, da, que, eles, do, o, tá, o, tá, em"
Santos,thata.,@lmjxxcx,douglas santos ruim.,2026-03-26 18:57:33,,é
Flamengo,tutu,@two_a04,não sabia casemiro jogava flamengo,2026-03-26 18:57:33,,"que, o, no"
São Paulo,Flaviano26,@flaviano26,separa sul. chega sermos escravos dessa gentalha faz parte facção terrorista internacional foro são paulo. guerra já. cada arque seus votos cobre seus políticos. muro já.,2026-03-26 18:57:33,,"de, que, da, de, um, que, com, e, que"
Flamengo,luan guima,@luanguimax,"porque você nao critica os jogadores flamengo? flamengo destruiu seleção. acharam boa ideia botar zagueiro flamengo seleção. luis henrique muito melhor vinicius jr, só não titular porque nao joga real madrid. wesley não ve cor bola.",2026-03-26 18:57:33,,"do, o, a, um, do, na, é, que, é, no, a, da"
Santos,★,@skyIinner,mano pq deus me deixou nascer torcedora santos seleção brasileira ao mesmo tempo?,2026-03-26 18:57:33,,"do, e, da"
Flamengo,EFBraga,@EaiMandli,ano passado torcida flamengo passou maior estresse esquema horroroso… máxima futebol: jogo ganha perde meio campo! mas sempre os iluministas…,2026-03-26 18:57:33,,"a, do, o, com, esse, do, o, se, e, se, no, tem"
Vasco,jorge,@JorginCRF10,"mas dever examinar jogador não clube? você passando pano pra algo não existe, nosso clube errou, pagamos indenizações pensões antes julgamento, livre espontânea vontade, já vasco até agora finge nada aconteceu, culpa família.",2026-03-26 18:57:33,,"o, de, e, do, tá, que, e, do, de, o, que, da"
Santos,Brazilian Soccer Hub,@brazilsoccerhub,"olha elenco q seleção olha santos, animal",2026-03-26 18:57:33,,"o, tem, a, e, o, do"
Palmeiras,hiroki | momo & jeongyeon lover,@Hiroki1__,palmeiras tbm,2026-03-26 18:57:33,,"e, tem, que, tá, no"
Santos,Iranildo,@Flamenq0,"neymar virou mais marketing futebol — vive hype enquanto time paga conta. ainda enzo defendendo como fosse 2015. realidade? jeito tá, puxa santos pro rebaixamento… nem contra novorizontino consegue decidir, vai decidir contra quem?",2026-03-26 18:57:33,,"do, que, de, o, a, e, tem, se, a, do, que, o, se, o"
Vasco,Recanto Poético,@PoeticoRec56491,vai fazee diferença como fez vasco ano passado tomando 6,2026-03-26 18:57:33,,"com, o, de"
Internacional,Sputnik Brasil,@sputnik_brasil,"após 35 anos desde sua criação, porém, bloco encara cenário internacional fragmentado entre grandes potências, instabilidades pelo mundo maior competitividade segurança econômica soberania. internacionalista caio junqueira lembra criação bloco",2026-03-26 18:57:33,,"a, o, um, e, por, e, de, o, que, a, do"
Flamengo,Léo Queiroz,@qrozleo,"vinicius jr camisa seleção, parece vitinho flamengo, pqp",2026-03-26 18:57:33,,"o, com, a, da, o, no"
Santos,bruno,@brunobcereja,nivel competitividade outro mano. só ver os números dele champions. comparar vini brasil neymar santos fazer recorte tendencioso demais,2026-03-26 18:57:33,,"o, de, é, é, na, o, no, e, o, no, é, um"
Flamengo,Thiago CRF,@thcrfla,luiz henrique jogadoraço. flamengo precisa tirar rússia boneco vaga muitos times europa,2026-03-26 18:57:33,,"é, ele, da, esse, tem, em, da"
Vasco,Pedrinho wardell,@Phhcrf,adianta convocar bicharada mama time europeu vai reclamar pq vem merda vasco,2026-03-26 18:57:33,,"o, que, se, a, que, ele, da, do"
Flamengo,kleyton,@kleynsc,seleção vini jr flamengo entendem,2026-03-26 18:57:33,,"do, é, o"
Internacional,Damazio anti- fascista,@Damazio26926756,direito internacional,2026-03-26 18:57:33,,que
Santos,Não Sei Nada da Silva,@Rogggeie,até pq santos super time brasileirão nekkkkkkkkkkk,2026-03-26 18:57:33,,"o, é, o, do"
Santos,twink em declínio,@thilopesds,os heteros juram q técnico não entrou contato santos pediu ficha médica dele pra saber kkkkkk geração talento esforço esta acabando mínima noção mérito q brasil tem.,2026-03-26 18:57:33,,"o, em, com, o, e, a, a, sem, com, a, de, o"
Palmeiras,advogada das minusculas causas,@eufebolivar,tanto fico linda qualquer camisa palmeiras vista <3,2026-03-26 18:57:33,,"o, que, eu, com, do, que, eu"
Flamengo,elvis moraes soares,@elvismoraess,único jogador flamengo aí campo léo pereira,2026-03-26 18:57:33,,"do, em, é"
Corinthians,InfoTimão,@InfoTimaoBlog,bidou! jesse lingard teve seu contrato publicado bid cbf já está liberado estrear pelo corinthians.,2026-03-26 18:57:33,"corinthians, vaicorinthians, timão, sccp, coringão","no, da, e, para"
Flamengo,Jeyrton Eipscas,@mengaranhao,to medo roubarem luiz henrique flamengo,2026-03-26 18:57:33,,"com, de, o, do"
Flamengo,MATHEUS ᶜʳᶠ,@Matheuss1981,luiz henrique flamengo virou plano pro meio ano.,2026-03-26 18:57:33,,"no, a, de"
Flamengo,chribeiro,@_clauhribeiro,flamengo conseguir “troca” será melhor “gato lebre” história,2026-03-26 18:57:33,,"se, o, esse, o, por, da"
Botafogo,Kaef ✮,@Dkaef_,+7=botafogo futebol regatas.,2026-03-26 18:57:33,,"de, e"
Santos,Sara,@Sara9935_,"faz nada nem santos, imagine seleção pra jogar contra os maiores mundo .",2026-03-26 18:57:33,,"no, na, do"
Flamengo,yssa,@iyssax,prefiro assistir meu flamengo,2026-03-26 18:57:33,,o
Fluminense,A Tricolor,@aTricolor1902,vai vir pro fluminense,2026-03-26 18:57:33,,
Vasco,Kuroda,@lumosznox,convocação 1936286482 atacantes nenhum deles joga bem seleção juntar todos não 2 atacantes ainda bem minha seleção vasco não coisa ai,2026-03-26 18:57:33,,"de, e, na, e, se, da, o, da, que, é, o, e, essa"
Flamengo,luan TETRA e BICAMPEÃO,@lauansccp,"flamengo palmeiras aqui condições, rubro negro principalmente. vale total investimento, pois já sabe garantia retorno",2026-03-26 18:57:33,,"e, tem, o, que, é, de"
Corinthians,rapt,@raptgsj,vinicius júnior = pedrinho ex corinthians,2026-03-26 18:56:33,,
Fluminense,Luis Jesus,@Luis_Zambrano13,fluminense 2023 ganharia dessa seleção brasileira,2026-03-26 18:56:33,,de
Santos,André - ★彡,@andrefogaosp,? jamais. neymar jogador santos cara. seleção. pqpp,2026-03-26 18:56:33,,"eu, é, de"
Vasco,Manel ,@maneel01_,"santos os mesmos jogadores dá mesma condição jogo pra teria seleção, vc me dizendo? jogo seguinte contra mesmo vasco fez diferença meteu 2, ou não?",2026-03-26 18:56:33,,"o, tem, e, a, de, ele, que, ele, na, e, isso, que, tá, no, esse, ele, a, e"
Botafogo,Renata Severo,@_RSevero,vinicius júnior medo cobrar falta deixa pro danilo botafogo,2026-03-26 18:56:33,,"tem, de, uma, e, do"
Vasco,Edu Futirinhas,@edufutirinhas,tomou 2 contra vasco ano passado kkkkkkk,2026-03-26 18:56:33,,"ele, o"
Fluminense,Lozorio,@LamasLozorio,seleção brasileira ou lateral ao 37 primeiro tempo favor fluminense? duvida cruel,2026-03-26 18:56:33,,"um, do, a, do"
Santos,Jéssica,@JessicaTortela,"seleção , ou santos? kkkkkkkkkkkkk",2026-03-26 18:56:33,,é
Santos,Eu_alyson,@Eualyson22,"amigo, vini jogando europa n jogando nada. mas jura neymar escolhe jogo brasil vai fazer algo? kkkk vai sim. deve seleçao santos brigando titulo",2026-03-26 18:56:33,,"que, tá, na, tá, tu, que, o, que, no, ser, por, isso, que, a, tá, por"
Flamengo,EvanGhostTriniti,@EvanGhost_,nome filho jogador flamengo kkkkkkkkkkkk,2026-03-26 18:56:33,,"o, do, do, do"
Flamengo,dudaaaaa VAI VER O HARRY E O ZAYN,@favmalik,foda murillo. fato régua totalmente diferente quando jogador flamengo convocado causa clubismo cego vcs,2026-03-26 18:56:33,,"que, se, o, é, que, a, é, um, do, é, por, do, de"
Flamengo,elvis moraes soares,@elvismoraess,não sabia roma flamengo tbm,2026-03-26 18:56:33,,"que, a, é"
Santos,Jean Farias,@jeanfelipe_fa,vinicius jr. mais pesado neymar santos.,2026-03-26 18:56:33,,"tá, que, o, no"
Flamengo,VN.ᶜʳᶠ,@VN7zxx,"espero josé boto entenda missão dele meio ano, missão dele flamengo vender plata contratar luiz henrique, imagina maluco jogando flamengo, tabelando paquetá, jorginho, pulgar, arrascaeta, pedro etc",2026-03-26 18:56:33,,"eu, que, o, a, no, do, a, no, é, o, e, o, esse, no, com, e"
Flamengo,Fábio CRF,@FabioCRF90,"leva perigo constante. influência jogo gigantesca. te falar q vem pro flamengo, seria mais influente até q arrasca sua melhor fase.",2026-03-26 18:56:33,,"ele, é, no, se, ele, o, em"
Flamengo,Camila,@MillaHelenaa,luiz henrique perdido rússia loucura hein…uma pena não viria pro flamengo,2026-03-26 18:56:33,,"na, é, que, ele"
Corinthians,Informante Fiel,@InformanteFiel,bom mesmo ausência corinthians gente passa nervoso assistindo jogo brasil,2026-03-26 18:56:33,,"o, é, que, na, do, a, o, do"
Flamengo,RiLLeX~*,@rillextriste2,lh garantiu contratação dele pra jogar flamengo meio ano,2026-03-26 18:56:33,,"a, no, no, do"
Santos,ダン,@Dan_DBLM,"seleção brasileira/real madrid bem melhor time santos. time santos levando sufoco contra último colocado, tomou 2 gols contra time tinha feito 3 campeonato todo",2026-03-26 18:56:33,,"e, a, é, que, o, do, do, o, um, que, no"
Botafogo,Marc,@marc2050979,cara não nenhuma vergonha botafogo?,2026-03-26 18:56:33,,"tu, tem, de, ser"
Fluminense,reis,@crf_reix,convoca fluminense vai dar certo kkkkk,2026-03-26 18:56:33,,"do, que"
Santos,jotace #ForaCeni,@ecbjul7c,achamos novo lucas vasquez: douglas santos. não faz mínimo sentido bagre ainda cogitado entre os 11 extremamente ruim,2026-03-26 18:56:33,,"o, o, esse, ser"
Corinthians,Gilson Evangelista,@GilsonEvangel13,"corinthians não consegue formar atacante vide centroavante gui negão, horror",2026-03-26 18:56:33,,"um, na, o, um"
Flamengo,BotafogoES,@BotafogoTriste1,aj foda puta certeza coloca pau tesão ganhar lema cara coragem vai sucesso coloca time trilhos. vcs vão brigar c flamengo palmeiras pelos títulos ano estarei torcendo juntos,2026-03-26 18:56:33,,"é, tem, um, o, na, em, do, é, ser, ele, o, nos, e, do, por"
Vasco,Xandy ᶜʳᶠ,@xandy_freitas93,mauro sempre respeitou muito vasco sua história. falou fato. existe conflito interesses pq seria família comando dois clubes.,2026-03-26 18:56:33,,"o, e, o, que, ele, é, um, um, de, uma, no, de"
Santos,farpador Reverso ©®,@FarpadorReverso,douglas santos não wesley não léo pereira não bremmer não ederson virou perninha? entregando paçoca tempo todo os caras parecem jogam 50kg pernas lentos lentos lentos raphinha está assombrado???? alguém pode jogar junto vini???? fica fase gp,2026-03-26 18:56:33,,"a, o, que, com, nas, do, na, de"
Flamengo,Tobi,@TobiUtirra,6 copas qual mais relevante realmente impactante? pq 96 campanha melhor jogando igual ao cruzeiro contra times mt melhores. gremio 17 ganhou libertadores mais fraca historia flamengo tinha muralha kkkkkk,2026-03-26 18:56:33,,"das, a, e, a, de, foi, com, uma, e, e, de, a, da, e, o, o"
São Paulo,Folha de S.Paulo,@folha,stf condena governo são paulo indenizar caseiro preso injustamente sete anos,2026-03-26 18:56:33,,"de, a, por"
Fluminense,Grok,@grok,"condomínio residencial bairro cabuçu, nova iguaçu (baixada fluminense, rj). estava dominado pela milícia juninho varão, extorquia moradores cobranças ilegais. pcerj desarticulou base deles hoje, prendeu envolvidos (incluindo gerente financeira)",2026-03-26 18:56:33,,"é, um, no, de, de, que, com, a, a, a, e"
Santos,fora cuca,@dafafesi,acabou síndrome impostor. douglas santos jogador futebol pq n posso bom minha profissão?,2026-03-26 18:56:33,,"a, do, se, o, é, de, eu, ser, na"
Corinthians,𝑹𝒂𝒊𝒂𝒏𝒆,@Annizinha1910,moral prefiro assistir corinthians jogar seleção.,2026-03-26 18:56:33,,"na, o, do, que, a"
Flamengo,Mengão CRF,@Flamengo311813,"sacanagem, flamengo q contratar atacante q seja veloz faça gols, plata não sabe fazer gols",2026-03-26 18:56:33,,"tá, de, tem, um, e"
Corinthians,.,@taboosgs_18,cara foge jogo contra corinthians vai jogar contra frança sim,2026-03-26 18:56:33,,"o, que, de, um, um"
Santos,Gagashi?ˢᶠᶜ,@sfcgagashi,rony melhor santos vini hoje,2026-03-26 18:56:33,,"o, tá, no, que, o"
Botafogo,Guiwill,@GuiUrban7,incrivel como jogador passa pelo botafogo nao sente peso nenhum camisa seleção,2026-03-26 18:56:33,,"é, que, da, da"
Santos,Bruno,@Brunodiiias08,"vinicius, raphinha, martinelli, andrey, wesley douglas santos não podem jogar pela seleção, são ruins, são limitadíssimos não vão ajudar nada!",2026-03-26 18:56:33,,"e, eles, eles, e, em"
Botafogo,SY,@CarlosA70756635,"luis henrique joga direita ou esquerda craque absoluto ,tomara seja vendido premier league ídolo botafogo",2026-03-26 18:56:33,,"na, que"
Internacional,Maria Cristina Silva,@mccristina1962,brasil vergonha internacional.,2026-03-26 18:56:33,,"o, é, uma"
Santos,JuJu,@Jujuuej,"sim, vamos ter interações &team santos bravos! felicidade me resume.",2026-03-26 18:56:33,,"do, com, o"
Flamengo,Di Mauro,@andredimauro,"tirem tecnico gringo botem brasileiro temos otimos jogadores dai so salva jogadores flamengo leo pereira, danilo alex sandro, ate goleiro sub-20 melhor esta porcaria colocaram ai temos pedro pq nao escalou ele?",2026-03-26 18:56:33,,"esse, um, do, e, o, do, do, que, que, no, o"
Santos,João Carlos,@ejoaocarlos_,santos fc,2026-03-26 18:56:33,,
Flamengo,datena ambientalista,@sxntox,vinicius flamengo ainda este ano,2026-03-26 18:56:33,,no
Santos,dani,@daniem2D,"mano, convocação ibañez ancelotti querendo alternativo autoral (tô achando douglas santos mesma coisa)",2026-03-26 18:55:33,,"do, foi, o, ser, e, a"
Vasco,d4vi,@dsmzin,santos neymar campo tomou 6 vasco,2026-03-26 18:55:33,,"com, o, em, do"
Flamengo,Hugo Bernardo,@HugoCRF1981,"flamengo mais revelou campeões mundo, nao time nazistas chorões",2026-03-26 18:55:33,,"o, foi, o, que, do, e, o, de"
Santos,Gonzaga,@OTalGonzaga,"falaram alex sandro era ruim pra seleção, não aguento mais ver douglas santos",2026-03-26 18:55:33,,"que, o, eu, esse"
Atlético Mineiro,Ju,@jtrdl_,"amigão, torço clube atlético mineiro, você acha jogo seleção vai me abalar?",2026-03-26 18:55:33,,"eu, para, o, que, esse, da"
Corinthians,Vladson paz,@PazVladson,"deveria ter levado yuri alberto, matheusinho, bidon… pq qualquer torcedor corinthians sabe mais ancelotii!",2026-03-26 18:55:33,,"do, que, o"
Flamengo,mai,@trystanmverine,so torcida flamengo votando nessa enquete,2026-03-26 18:55:33,,"a, do"
Santos,peixinha #ForaCuca,@peixessaa,comparando time inteiro santos cm seleção? kkkkkkkkk pqp,2026-03-26 18:55:33,,"tu, ta, o, do, a"
Botafogo,Andressa,@Dessah_Vieiira,"luiz henrique joga muito, parabéns botafogo grande joia",2026-03-26 18:55:33,,"por, essa"
Flamengo,hellen do arrascaeta,@vicrfx,maior injustiça futebol: luiz henrique não jogar flamengo,2026-03-26 18:55:33,,"do, no"
Grêmio,Bruno Mello,@B94mello,"boa noite, única camiseta seleção vou vestir minha seleção, grêmio foot-ball porto alegrense",2026-03-26 18:55:33,,"da, que, eu, é, a, da"
Fluminense,Jornal Folha da Terra,@folhadaterraofc,tribunal justiça rj anula sessão alerj elegeu douglas ruas presidente legislativo fluminense.,2026-03-26 18:55:33,,"de, do, da, que, do"
Cruzeiro,Seu maior fã,@xandinribamar,cruzeiro hexa.,2026-03-26 18:55:33,,"o, é"
Flamengo,@su_moraess,·,lh flamengo pra onteeeeeem,2026-03-26 19:05:33,,no
Corinthians,Damasceno,@gesca1910,pensar corinthians consegue me dar mais alegria seleção brasileira,2026-03-26 18:55:33,,"e, que, o, que, a"
Santos,Ruanzito,@Ruanzitopvd,"douglas santos parece fraldão cheio, arrastando, medo, não corre olise obliterou ali",2026-03-26 18:55:33,,"que, tá, com, um, se, com, e, o, ele"
Grêmio,osantozz™,@osantozz,grêmio mochileiro.,2026-03-26 18:55:33,,"o, é"
Flamengo,Miggguuueeelll,@miggguuueeelll,"você não entende quê as pessoas falam. vou te dar exemplo bem fácil entender, santo andré irrelevante futebol, mas já fodeu flamengo numa final copa brasil.",2026-03-26 18:55:33,,"é, que, o, um, de, o, é, no, o, de, do"
Cruzeiro,thallesversoᶜʳᶠ,@thallesverso,"aqui outra versão escalação foco criatividade velocidade pelas pontas sim, coloquei kaiki pq fodido jogado muito cruzeiro convocado",2026-03-26 18:55:33,,"tá, uma, da, com, em, e, o, esse, tem, no, e, foi"
Botafogo,Ronny Chrizostomo,@ronnysaylor,"como erra gol bixoooo parecia vitinho botafogo, juro",2026-03-26 18:55:33,,"que, esse, o, no"
São Paulo,Aaluraah,@aaluraah,são paulo diferenciada mesmo,2026-03-26 18:55:33,,é
Santos,FabioSR(7),@FabioSR270352,"kkkkkkkkkkkk, santos as duas pernas não faz nada",2026-03-26 18:55:33,,"no, com"
Fluminense,Pedrinho wardell,@Phhcrf,xerem tinha começar base teste cbf surreal quantidade bons jogadores sai fluminense pqp,2026-03-26 18:55:33,,"que, a, ser, da, a, de, que, do"
Santos,tajo 𒉭,@jota01__,"sacanagem kkkkkkkk casemiro pior partida dps desse douglas santos, tentou girar entregou bola, cara consegue ne correr mais",2026-03-26 18:55:33,,"ta, de, da, e, a, o, na"
Vasco,𝚎𝚖𝚢𝚕𝚕𝚢⁵⁵𓆉||,@clowhosst,pois fosse meu vasco ja tinha virado jogo,2026-03-26 18:55:33,,"se, esse"
Santos,RANIEL,@iFLEBAS,"neymar, época santos barcelona, jogava seleção brasileira igual igual messi cr7, hoje vagabundo está lá, menosprezado, porque os comentaristas burros, crias casimiro cazetv, dizem não consegue nem andar linha vai entender",2026-03-26 18:55:33,,"na, de, e, na, de, para, com, o, e, e, o, do, e, que, ele, em"
