Time,Nome,Usuario,Tempo,Texto
Vasco,Wes★彡,@wesmendess,10 s,"Ele assumiu o Anselmismo, não tô entendendo nada.
Dps do Anselmi ele tá jogando nesse esquema maluco, mas o Vasco deve ser o 01 da competição."
Grêmio,Igor,@Pai85535364Igor,13 s,"O boca é foda, mas boa parte dessas taças de libertadores foram conquistadas com roubos gritantes. Cruzeiro e Grêmio sofreram!"
Palmeiras,Costa ᶜʳᶠ,@ecostacrf,16 s,"Velho o que esta acontecendo com o Palmeiras?

23h59: ""Palmeiras quer sair da Libra""

00h00: ""o Alviverde topa assiná-lo se for o desejo da maioria dos clubes da Libra"""
Flamengo,Rimuru Tempestᶜʳᶠ4,@AinzOoalGownCRF,17 s,"porra mano, flamengo passaria sem sofrer"
Flamengo,Taty_cachorra,@cachrorra2041,20 s,Se o flamengo vencer por 4 gols. Vou mandar foto do meu bucetão pra 10 pessoas que me segue kkk
Flamengo,Fernando Rochaᶜʳᶠ FL4MEN9O Enea-Penta-Tetra,@fernandoasr100,21 s,"Entrevista do 
@alemancuso5
 na GETV.
""Torcida do Flamengo é a melhor do mundo""."
Flamengo,FlaColossal,@flacolossal0,23 s,"Mas o elenco permiti isso e outra os reservas do Flamengo são nivéis de time titular.
Desse time que vai jogar hoje o único que está um pouco abaixo é o Luiz Araújo.
O restante está jogando bem regular."
Flamengo,jurídico bella ramsey,@Art3misp,24 s,Nao tiram o nome do flamengo da boca nunca ne kkkkkkkkkkkkk
São Paulo,Isaías Ventura,@iventuraramirez,25 s,"Análise de São Paulo: O que vemos no México é o roteiro da Lava Jato aplicado à fronteira. Bases clandestinas em Nuevo León e Chihuahua buscam criar um ""Estado paralelo"" que responda ao Pentágono, não à capital mexicana. "
Flamengo,Riko,@rikoNFL,29 s,"Hoje os 3 melhores times no Brasil são o Flamengo, Palmeiras e Fluminense. Neymar não jogou contra os 2 melhores e fez um jogo muito ruim contra o Flu 

Contra times do nível do Santos o único que ele jogou bem foi contra o Atlético Mineiro"
Flamengo,Diego Nobre,@DiegoedemaisN,30 s,E todas as outras torcidas juntas amigão??? Voce realmente acha que flamengo tem 200 milhões de torcedores?
Santos,Tiago Barros PT,@TIAGOBARROSREDE,30 s,"Por isso em legítima defesa da democracia e da soberania nacional derrotaremos todos os candidatos Bolsonaristas Caiado, Flávio Bolsonaro, Romeu Zema, Renan Santos, Augusto Cury e iremos reeleger Lula presidente da república."
Botafogo,Makay23,@Makay23_Jr,32 s,"Mlk é genial, mas fica repetindo Bolsonaro, Alexandre e afins. Se fosse o Textor do Botafogo seria top, se o Textor do Bolsonaro"
Flamengo,_Diário_Da_Bola,@bola_diario_Fc,33 s,"Aqui na globo do Rj é Flamengo, Palmeiras vou acompanhar um pouco pelo computador"
Palmeiras,Telasko Avara,@Osmarzinhoraul,37 s,Eu moro no Paraná e vou ver o Palmeiras seu arrombado
Grêmio,Nico,@Nicoss1607,38 s,"Tem Palestino x Grêmio, jogão"
Flamengo,TORCIDA URUBUZADA,@ubzoficial,41 s,"Em solo argentino 

Vamos, FLAMENGO 

#URUBUZADA
#DefensoresdoManto"
Flamengo,Kaisen,@BrunoLi9735115,41 s,"O que eu achei que o Flamengo ia perder esse jogo, não está escrito"
Cruzeiro,Catrumano do Mato Dentro,@cabano1871,41 s,"Boquita de mierda, racistas imundos, filhas da puta, vocês tremeram e cagaram de medo no Mineirāo ontem. Nāo conseguiram nenhum chute ao gol em todo o jogo. Jogaram como covardes. Aqui é Cruzeiro e vocês cagam nas calças como Milei. Vai tomar no cú malditos."
Flamengo,Lewis Carnelian,@lef0nque,42 s,Sabe o que eu espero que o Flamengo estude antes o adversário
São Paulo,THAIS VAI VER O BTS,@thais_lxx,45 s,"Vendo 2 ingresso do Bts São Paulo
Dia 31!!

Transfiro imediato pra sua conta.
Tickemaster 
Meia /inteira 

Tegs: compro, alguém vendendo, show, procuro, WORLD TOUR ARIRANG, Brasil, ingressos.."
Flamengo,lipeeeeeᶜʳᶠ,@lipesilva002,46 s,"ele jogou pelo Flamengo pelo lado esquerdo, ele jogou pelo Lyon pelo lado esquerdo, ele jogou por lá mais na posição de 8 e as vezes 10... mas sim, ele é meia direita. kkkkkkkk"
Flamengo,Thiago,@tfmgeo,47 s,"Leila mudou de ideia? Ela era tão a favor da ideia de que precisava ficar junto, mandou o Flamengo fazer uma liga sozinho e tudo.
Mas agora a maioria tá com o Flamengo. Não tava na vez de ela mostrar que não é só garganta?"
Palmeiras,Stanley_Kowalski,@30_depois,53 s,Vamos dar um descanso de imagem pro Palmeiras.
Flamengo,Adao Da cruz,@AdaoDacruz2,54 s,"Rapaz hoje o flamengo precisa mais é de laterais e atacantes, mais se fosse possível Danilo do Botafogo seria bom porque o De lá cruz e o Espanhol quase não jogam, só vivem lesionado, Luiz Henrique também era uma boa"
São Paulo,Delina,@Delina179717,56 s,"Em São Paulo sempre foi
Globo 5
Sbt 4
Record 7
Rede TV 9 
Band 13"
Santos,KALEB_FODA666,@14KALEB_foda88,56 s,"A única coisa que eu não concordo com o Ryan Santos é essa questão de poligamia
Tipo ele até tem motivo pra acreditar nisso mas não combina comigo 
Nunca traíria minha mulher"
Flamengo,Mario Henrique,@barbosa_ga38286,58 s,"Flamengo foi eliminado tendo que decidir contra o Peñarol fora de casa pq poupou jogadores na fase de grupos de 2024. Em 2025 não foi nada tranquilo enfrentar Estudiantes e Racing fora de casa. Dá para rodar o elenco sem mexer tanto, como faz no Brasileiro"
Flamengo,@livedieconsume,·,,"em que situaçao a arte postada pelo flamengo tentou ""se passar pela original""?"
Flamengo,JPMG ᴼᶜᵗᵃ,@_JPGuerra,1 min,"ACORDO DE MAIS R$ 150 MILHÕES AO #FLA: O 
@Palmeiras
 é totalmente contra o acordo que vai render mais R$ 150 milhões ao 
@Flamengo
."
Corinthians,R.C. Buford BR,@RCBufordBR,1 min,"União Sinistra 
@spurs
  @Corinthians"
Flamengo,Juliana Amaral,@juliarfigueire,1 min,"Kkkkkkkkkkkkkkkk acho que é no aterro do flamengo, não ?"
Corinthians,Matheus.,@manozika6,1 min,"Essa parada de democracia às vezes é um erro kkkkkkkkk

Corinthians acabou na mão desses caras"
Flamengo,Lucas Silva,@Lcs_silva21,1 min,"@grok
 qual o palpite pro jogo do flamengo ?"
Fluminense,Tricolor Amargurado,@Johnny35897118,1 min,"Savarino é muito tricolor. Dizem que quando ele ia treinar no Zulia da Venezuela, ele passava em frente às Laranjeiras e chorava. E disse pro pai que um dia iria jogar no Fluminense."
Palmeiras,kristaps★彡,@Kristaps012,1 min,E o Danilo vai pro palmeiras sim
Cruzeiro,Frank Martins,@frankmartins,1 min,Matheus Pereira é uma especie em estimação. Aquele camisa 10 que todo torcedor sonha em ter no seu time! Que a torcida do Cruzeiro pare de birra e passe mais a apreciar ele e o seu futebol em campo! #Cruzeiro #Libertadores
São Paulo,Audiência Da TV,@ATV_Oficial,1 min,"20h49 em São Paulo 

#TrêsGraças 23.13
#JornalDaRecord 6.23 
#SBTBrasil 3.73 
#GuerraDasRosas 1.40
#CartãoVerde 0.20

Via 
@brenno__moura"
Cruzeiro,paco 16/45,@paco_brn,1 min,"eu sempre vou querer que o Cruzeiro ganhe todos possíveis e sempre fique com grandes chances, mas pensando que são 9 jogos num espaço de 29 dias com viagens longas, é sonho beirando a utopia querer que o Cruzeiro faça 12pts em Liberta e 10pts no brasileiro"
Cruzeiro,Itatiaia Esporte,@itatiaiaesporte,1 min,"NBB: KTO Minas 'deslancha' no terceiro quarto e elimina Cruzeiro dos playoffs

Clique e leia mais "
Fluminense,Júpiter Banana,@PauCremoso420,1 min,"Se o hulk fosse 10 anos mais novo e fosse pro Fluminense já teria sido convocado pra copa, ninguém liga pra esses caipiras do caralho, relevância 0, tudo jeca plantador de ervilha"
Botafogo,TonyBala †,@TonyBala38,1 min,"O Botafogo teve um gol legal anulado no primeiro jogo da final de 95 pq o juiz n deu a lei da vantagem e quanto a isso todo mundo finge demência ou alzheimer. Além disso, o gol do santos foi com um passe de mão.  Houve erro pros dois lados, mas só vêm do Botafogo."
Palmeiras,rowwan 𝄢,@ascennsionism,1 min,"dito isso, 1 a 0 pro Palmeiras"
São Paulo,Aline,@alinefcsilvaya1,1 min,"Nabil, enquanto isso precisamos de você em São Paulo. Viu que a subprefeitura de Pinheiros vetou a próxima edição do Festival Pinheiros? IPTU caro e não temos segurança, silêncio (vide as obras madrugada adentro) nem iluminação pública decente. Agora, também não temos lazer."
Flamengo,Caio Henrique,@Caio_Mateus25,1 min,Ta revezando o time e é um jogador que o Flamengo precisa fazer jogar bola de verdade
Grêmio,Nada a Declarar,@pavondepre,1 min,Ele foi para o Grêmio pela independência financeira kkkkk
São Paulo,rafa ꕤ,@rafassis,1 min,CONFIRMOU ROCK IN RIO E SHOW EXTRA EM SÃO PAULO
Flamengo,Roseᶜʳᶠ,@Roseoliv7,1 min,pq tão obcecado com o Flamengo?
Flamengo,Marcos ◤✠◢,@MarcosoFoca,1 min,"Sabemos que contra o Flamengo será sem o Saldívia e o Tchetche. Que poderia ser sem o Jardim tbm, mas ele vai pros 2 jogos."
Fluminense,Fê,@allforminyard,1 min,"Sim, foi tudo em campo. Que inclusive seu time também disputou 

Santos, Botafogo, Cruzeiro, Bahia, Fluminense tudo também tiveram unificação de títulos, inclusive quem pediu foi o Santos. Mas só falam do Palmeiras né?"
Atlético Mineiro,Lauh~ᶜᵃᵐ,@Lauhgoncalvesf,1 min,"ATENÇÃO!
procuro um relacionamento EXTREMAMENTE TOXICO CONTROLADOR q me proíba de ter qualquer tipo de acesso a notícias sobre o Atlético Mineiro e seus relacionados,se caso eu desobedecer as ordens q espanque pra ver se em algum dia eu aprenda a me livrar desse vicio satânico"
Vasco,Adriano Tricolor,@adrianoschneid9,1 min,"Com certeza não, só citei o Vasco para ser direto a esse verme burro do caralho"
Flamengo,Muhamed Kufar,@MKufar,1 min,"Galo de 2021 perdeu pro flamengo no Maracanã amigo 
....galo não conseguiu nem chegar n ganhou um jogo do palmeiras kkkk"
Flamengo,𝕃𝕊𝕋,@LSTsep1914,1 min,"Neymar só joga com timecos

Quando o jogo é com Palmeiras, Flamengo, Bahia, Cruzeiro, aí ficou de fora kkkkkkkkkkk"
São Paulo,Cleiton,@cleiton_d7,1 min,"Liberdade Parlamentar? Eleições livres?
#SbtBrasil #sbtnews #jn #g1 Inss? 
#bandnews #jornaldarecord Aborto?
#jornaldacultura São Paulo? Censura?"
São Paulo,Bibiana Beck,@oibibiana,1 min,"O Haddad era prefeito de São Paulo na época sue eu comecei a vir pra cá (e amar!) lá em 2014/2015. 

Queria muito poder viver essa era como moradora."
São Paulo,eloisa,@elololoisaa,1 min,se fizerem a rihanna sair de casa eu vou de são paulo pro rio A PÉ
Palmeiras,Smos Uma Nção!!!,@DougFunnyMengao,1 min,"Mordam as costas 
@Avantimeupal
 ,
@carlosedcatao
 @emyllesep
 ,
@Palmeiras"
Vasco,NETVASCO,@Netvasco,1 min,Futsal: Vasco anuncia a contratação do fixo Rafa Felix
Corinthians,Olimpíada Todo Dia,@otd_oficial,1 min,"TIMÃO NAS QUARTAS 

Corinthians supera Unifacisa e se classifica às quartas de final do NBB"
Vasco,Fiscal do TT,@PalestraDiver,1 min,"Do Vasco eu acho lindo.
São Paulo é muito feio."
Flamengo,Espaço Tricolor,@EspacoTricolor_,1 min,": NÃO QUER REFORÇAR UM ADVERSÁRIO!

A postura do Flamengo sobre a liberação de Everton Cebolinha é clara: não reforçar um clube que esteja jogando a Libertadores. 

O clube carioca entende que isso pode ser perigoso e fará de tudo para não acontecer. 

 
@Radardabola34"
Palmeiras,rodrigo_rac80,@Rac80Rodrigo,1 min,Então só interessa quando os demais aceitam os caprichos dela?  Palmeiras vai jogar sozinho?
Corinthians,Ton,@ApbBored,1 min,As gaivotas tão preocupadas com ingressos mano. Só usam o Corinthians pra lucrar.
São Paulo,Dulce Jocz Dias,@DiasJocz97519,1 min,"Marcos Pontes é a maior decepção do  povo de São Paulo,  São Paulo não sabe votar, infelizmente"
Vasco,Vasco Pra Quem Acredita,@vascopqmacredit,2 min,"01/12/1998, Estádio Nacional de Tóquio. Crueldade absurda o Vasco ter perdido esse jogo contra o Real"
Grêmio,Grêmio TimeLine,@GremioTimeLine,2 min,"Com a vitória do Deportivo Riestra contra o Montevideu City Torque.

Grêmio precisa de apenas uma vitória simples contra o Palestino para assumir a liderança do Grupo F na Sul-Americana."
São Paulo,⚓︎ Jhoni ˢᶜᶜᵖ,@jh0npereira,2 min,O São Paulo vendeu quem? Eu não me lembro.
Botafogo,renault’s pr manager,@blairswadolf,2 min,MDS EM BOTAFOGO AMO
Botafogo,xeras,@xeras1910,2 min,"Caralho o Endrick meteu 3 gols saindo do banco contra o Botafogo.

Vcs sao mto fanatico vai tomar no cu. Olha os dois jogando não tem comparação"
Corinthians,Heisenberg da Fielˢᶜᶜᵖ,@Heisenberglhp,2 min,"O Corinthians é igualzinho o Brasil, tinha tudo pra ser um país de primeiro mundo, uma potência nível EUA, mas a corrupção não deixa."
Santos,Raynon,@Victorraynon,2 min,"No final dos jogos, o homem que se a seleção estiver perdendo e sem alternativas vai entrar pra tentar tirar algo da cartola. Ele não é jogador de 90min por jogo na copa, é jogador de 30-45min. Foda é querer comparar o time do Santos q só tem bagre, ngm passa, ngm aparece"
Cruzeiro,メ,@rodriii8_,2 min,cruzeiro e boca foi um jogo com a cara da libertadores
São Paulo,Audiência Da TV,@ATV_Oficial,2 min,"20h43 em São Paulo 

#TrêsGraças 23.00
#JornalDaRecord 5.82
#SBTBrasil 3.80
#GuerraDasRosas 1.45
 #CartãoVerde 0.30

Via 
@brenno__moura"
Flamengo,Jarbas Junior,@jarbsjr,2 min,Você  e a torcida do Flamengo ...   
Santos,Carlos42 Balduino,@Carlos42B,2 min,"Fala pra gente aí qual é a posição do Santos na tabela do brasileiro 
Tão mais preocupado se o jogador correu ou tocou na bola do que se o time vai permanecer na série A do ano que vem 
E tem gente que acredita que isso aí é normal e aceitável "
Cruzeiro,jotave,@jaocruzeirense7,2 min,o cruzeiro não ter postado nada relacionado ao dia da dança tendo kaio jorge arroyo e neyser no time deveria ser crime
Flamengo,Leandro Gomes,@leandroshagomes,2 min,"Praia de botafogo ainda, Urca lá atrás dela. Praia do flamengo é mais pra frente."
Flamengo,Marcelo Rodrigues,@omarc31o,2 min,"Vai ter...

#ELPxFLA
#libertadores 
#libertadores2026 
#Flamengo 
#GE
#GETV"
Internacional,Carlos Henrique,@CarlosH22813907,2 min,"Paquet já jogou no milan, Lyon west ham levando o time a ser campeão de um título internacional, e já fez gol e ass em copa do mundo  só não está no city por uma questão de uma acusação que não se comprovou, enquanto isso o mp não conseguiu levar o teu time pra uma final de cdb"
Palmeiras,Nosso Palestra,@onossopalestra,2 min,"Palmeiras x Cerro Porteño-PAR é o duelo internacional mais vezes disputado na história da Libertadores. Foram um total de 16 partidas, pela fase de grupos de 1999, 2001, 2005, 2006, 2023 e 2025 e pelas oitavas de final de 2018 e 2022, ambas com classificação alviverde."
Corinthians,DiDort,@DortCs,2 min,"Pensando pelo lado bom, amanhã tem a super aumentada no jogo do Corinthians, quem perdeu hoje já pode recuperar amanhã kkkkk"
Palmeiras,raff,@raffbfr,2 min,"É um jogo difícil, mas é um jogador que em teoria tem recurso e genialidade pra não passar em branco num jogo desse tamanho

Mesmo se o Santos perdesse, ele fazendo uma partida razoavel/boa contra o Palmeiras já daria um respaldo maior pro Ancelotti confiar nele"
Corinthians,Vai Corinthians Supercampeão,@lucassennav8,2 min,Eu jamais poderia ser conselheiro do Corinthians. Ia acabar metendo um Judo num velho broxa desses e ainda ia ser preso rs.
Flamengo,Chel Fogão,@Chel68576,2 min,"E VC ACHA QUE A GLOBO TENTA FECHAR O BOTAFOGO DESDE 1978, QD ELA CEIOU A CBF E MANDOU FECHAR A CBD, ERA PORQUÊ? PQ O BOTAFOGO FORTE É O MAIOR CLUBE DO BRASIL. A CAMISA MAIS PESADA. COMO ELES IRAM FAZER O BRASIL VIRAR FLAMENGO? SERIA IMPOSSIVEL, AINDA MAIS HJ COM A INTERNET."
Corinthians,viny,@SkolBeats123,2 min,"Mas aqui no Corinthians o jogador quer sair o clube é obrigado a vender por merreca segundo alguns torcedores
O jogador da ft rsrs"
Internacional,Vinícius Xavier,@keyandair,2 min,"“Não entendo como o Galo não valoriza e vende tão mal a base.”

Aí está o motivo 

Tira os bonecos dum jogo de Copa do Brasil, pra, invés de oportunizá-los e dar minutagem numa competição internacional, só leva pra passear e ver as lhamas da Nova Onda do Imperador lá em Cusco."
Corinthians,𝐋𝐢𝐳 #𝗧𝗘𝗧𝗥𝗔,@sccpcarpenter,2 min,"Esse e o amiguinhos dele, a TO organizanda devia fazer apavoro tbm, nao so pra jogador tbm, ou so sabem ir pra cima de jogador??? 
Esses.filhos da puta nao se importam com o Corinthians, VERME!!"
São Paulo,Brenno,@brenno__moura,2 min,"20h49, em São Paulo 

Globo #TrêsGraças 23.13
Record #JornalDaRecord 6.23 
SBT #SBTBrasil 3.73 
Band #GuerraDasRosas 1.40
Cultura #CartãoVerde 0.20
RedeTV! #IgrejaUniversal 0.20"
Flamengo,𝕁𝕚𝕣𝕒𝕪𝕒 -𝔽𝕝𝕒𝕞𝕖𝕟𝕘𝕠,@Jiraya50993271,2 min,Leila Pereira não aceita o acordo da libra em pagar mais o Flamengo e vai ser retirar.
Flamengo,.,@jota_l1914,2 min,"você acha que o Flamengo é grande, não dá pra concorrer com a esquizofrenia. "
Flamengo,E o Vagabundo ta lá...,@Raphael80482850,2 min,"Kkkkkkkkkkkk 

O legal que ele acha que a Leila ficou legal nessa kkk

KD ela dizendo que era para o FLAMENGO jogar sozinho kkk

E quem vai sair ?!!

Kkk 

Só digo isso: PARA O DESESPERO DOS DETRATORES E HIPÓCRITAS QUE NADA SABEM.. 

O FLORENTINO PEREZ DA AMÉRICA DO SUL."
Botafogo,Thiago Antunes ★彡,@Gaveatasaray,3 min,"O melhor resultado possível, para o Botafogo. Basta o Glorioso fazer a sua parte nas próximas 3 partidas, e se classificar em primeiro no grupo."
Santos,Santos FC BI CAMPEÃO MUNDIAL,@callme_venonn,3 min,"A grande torcida do santos ta em sp, em santos tem meia dúzia de gato pingado, é uma briga pra lotar a vila. Jogar pra 14 mil pessoas é uma vergonha"
Botafogo,cleiverson godofredo,@menorcrente,3 min,"botafogo não tem dinheiro pra pagar a folha do mês que vem. é forçação de barra da mídia sim, mas achar impossível é loucura"
Internacional,mandioca,@mandayouknowme,3 min,"odeio gente que não sabe minimamente a tradução de uma música internacional 
ganha flor do namorado e posta com ivy amg? tá bom seu relacionamento?"
Vasco,cartman vascaíno,@vascartman,3 min,"Trem AP x paysandu aqui no Amapá e a bandeira da força jovem vasco aparecendo, Amapá é vasco"
Vasco,@astrox031,·,,vasco
Palmeiras,Adez,@AdezTerceiro,3 min,Camisa do Palmeiras trás essa aura.
Flamengo,Caio Bellandi,@CaioBellandi,3 min,"Flamengo emendou 10 participações seguidas na Libertadores.

E a famosa REPORTAGEM COM O MANCUSO quando o Flamengo joga na Argentina já virou tradição."
Santos,Cleverson Felipe,@KelFelipe29,3 min,"Esse ex jogador custa mais de 20 milhoes ao santos. E pra começar, nao ta jogando nada, um jogador normal em campo, cansado e lento, em jogos oportunos e momentos especificos, esses jogador de 20M mensais nao fez nada!"
Palmeiras,Portal Goleada,@PortalGoleada,3 min,"Valentino Lazaro no Palmeiras? Jornalista faz revelação sobre lateral do Torino 
portalgoleada.com.br/palmeiras-mira
…"
Santos,Rick,@Rick8989898,3 min,É  Raiam Santos
Cruzeiro,Luci@no,@Noz038,3 min,"O Cruzeiro vai ter que segurar o raggae lá na Argentina , já leva uns 15 seguranças "
Santos,Zeus,@zeuustips,3 min,"Quanto mais se arrisca = mais erro, vai tentar fazer só o simples jogando no meio de um monte de bagre pra ver se sai algo, de quem surgiu a jogada no gol do Santos msm?"
Corinthians,ʟɪᴘᴇ,@L1pGm_185,3 min,"Corinthians grande
Sempre altaneiro
És do Brasil o clube mais brasileiro

Poropopó"
Grêmio,Danlaba Mendy,@DanlabaM,3 min,Tomara que o grêmio não consiga
São Paulo,Irrenil Santos Conrado,@SantosIrrenil,3 min,O melhor governador de São Paulo Tarcísio de Freitas #FlavioBolsonaroPresidente2026
Corinthians,Anya Coringuda #SAFIELJÁ #INTERVENCÃOJUDICIALJA,@gababbi99,3 min,"Fiscalizando SEMPRE!

Corinthians em primeiro lugar, falou merda? Sera aloprado. 

Não tenho lado político, meu sonho é ver o Corinthians longe desses merdas do PSJ.

E se prestar um desserviço. Vai ser cobrado TAMBÉM!"
Flamengo,Eliesiosilva,@Eliesio_silva,3 min,"Vamos de Paramount aqui em São Paulo

Um duro,mas o Flamengo vence por 2 x 0"
São Paulo,𝙱𝚒𝚊 ⋆˙,@lavenderxBia,3 min,"Aqui em São Paulo é:

Globo - 5
SBT - 4
Record - 7"
Botafogo,Corto Maltese,@ThomasCastpwr6,3 min,"Um idoso jogando contra 20 jogadores em campo fica dificil mesmo, em 24 era cheio de “idolo” que não sabia marcar e nem defender — incluindo o battaglia que errou feio resultando em gol do botafogo, mas a torcida ama babar o ovo dele —, em 25 ele deixa dois acéfalos de cara com"
Grêmio,Bahia Notícias,@BahiaNoticias,3 min,"Bahia perde para o Grêmio, mas segue no G-4 do Brasileirão Feminino - Bahia Notícias"
Flamengo,Nath¹⁷&¹¹,@nathsfv,3 min,"ela acabou o texto com ""uma vez flamengo sempre flamengo"""
São Paulo,jurídico duda carlos,@amoblonde,3 min,problema fútil queria poder me teleportar de araraquara pra são paulo pra ver o show do barão e ir no yoga de gatos no mesmo fim de semana
Santos,Igor Apaixonado,@IgaoPaixao,3 min,"Chega a ser incrível o quanto q eu tô vendo ZERO jogos da Liberta e Sula nesse ano. Simplesmente não tem nenhum jogo empolgante 

Essas competições ficam legais só no mata-mata msm. No máximo rodada 5 e 6 vai ser dahora se algum BR tiver sofrendo pra classificar (tipo o Santos)"
Santos,Passv1995,@passv1995,3 min,"Ele é o legítimo senhor de idade com poder que faz o q quer!! Tipo Silvio Santos,  fazia, falava, não pensava em mais nada... ele tem poder e está no fim da vida,  nada mais importa pra ele eo q ele mesmo."
Fluminense,Predictoria,@predictoriaapp,3 min," Matchday Predictions · April 30, 2026

 Bolívar vs Fluminense
 Bolívar or Draw — 82%

 Independ. Rivadavia vs Deportivo La Guaira
 Under 3.5 Goals — 86%

 Independiente Medellin vs Cusco
 Under 3.5 Goals — 86%

 Carabobo FC vs Blooming
 Under 3.5 Goals — 87%"
São Paulo,Breno,@brenogd2_,4 min,"aceitar o tapetão do Juvenal em 2006 pro 3º mandato começou a afundar o SPFC

escalonou na vaidade tomando conta do clube a chegar hoje CRIMINOSOS em comando do São Paulo

clube aparece mais em página policial do que sobre futebol e chegou bater 1 bilhão de dívida"
Flamengo,Tormintor 53 Fútbol Uy,@t53futboluy,4 min,"Gol de Giorgian De Arrascaeta  este Domingo en la goleada de 
@Flamengo
 4-0 ante Atlético Mineiro por 
@Brasileirao
 ."
Cruzeiro,gabi jr,@gabilfs,4 min,cara o cruzeiro depressão aposentou uai tô tendo que caçar vídeo de outros canais
Corinthians,Luiz G,@GabrielLim_a,4 min,"@gavioesoficial
 o Corinthians pede socorro."
Santos,Pedro,@pedrojuniorrs,4 min,"Passando mal, que Nadja foi colocada para ganhar esse reality, veio Mirella Santos e tombou bonito ela, ô mulherzinha fracassada kkkkkkkk"
Flamengo,Pugão do Banhado,@PugaoB,4 min,Era só o Palmeiras ter vencido o Corinthians com 2 a mais. É só o Palmeiras vencer o Flamengo no próximo jogo que acaba esse tipo de conteúdo.
Cruzeiro,Leo,@Leonardox_7,4 min,"Não muito kkkkk veja a repercussão de Cruzeiro X Boca Juniors que aconteceu ontem, clima de guerra, mas o ódio vem mais dos Argentinos, se eles são respeitosos, seremos também"
Flamengo,Esporte Na Band,@esportenaband,4 min,Jardim escala Flamengo contra Estudiantes com Pedro no banco; confira
Cruzeiro,Portal UAI,@portaluai,4 min,Meio-campista do Cruzeiro rompe LCA e terá de passar por cirurgia
Flamengo,.,@Bruno201118,4 min,Ainda fez propaganda pro Flamengo sobre a Shopee (Real Madri da Shhopee) . kkkkkkkk. Propaganda de graça.
Palmeiras,chucky,@ChuckyRJx,4 min,"Por que o Palmeiras não se coloca em seu devido lugar de clube pequeno, de bairro, um nada para o futebol brasileiro? Foi impulsionado por Safs revestidas de patrocinadores em toda a sua história, tanto que quando ficou sem, caiu pra série B! É um átomo, um nada."
Corinthians,Meu Timão,@MeuTimao,4 min,"| Veja a provável escalação do Corinthians para encarar o Peñarol pela Libertadores.

Nesta quarta-feira, o Corinthians encerrou a preparação para encarar o Peñarol, pela terceira rodada da Libertadores. As equipes se enfrentam nesta quinta, às 21h, na Neo Química Arena.

A"
Corinthians,Thiago Rodrigues,@thiagopress,4 min,"Pelo grupo do Timão na Libertadores, o Platense bateu o Santa Fe na Argentina. Se o Corinthians vencer amanhã o Peñarol, vai abrir oito pontos para o terceiro colocado (que seria o Santa Fe ou o próprio Peñarol). A vaga ficaria quase assegurada, podendo até poupar o time na"
Palmeiras,gostosos no futebol,@futgostoso,4 min,palmeiras
Flamengo,Aragonês,@bibliofobia,4 min,"@SuperVia_trens
 tô aqui na central esperando o trem sair pra Vasconcelos, vou conseguir chegar a tempo de ver o jogo do Flamengo?"
Corinthians,Giovanna Lomas,@GiovannaLomas1,4 min,Tinha que ser um retardado torcedor do Corinthians!
Cruzeiro,QG Do Cruzeiro,@QGdoCruzeiro,4 min,Festa da torcida do Cruzeiro após a vitória contra o Boca
Corinthians,Rodrigo Silva,@Rodrigo_mixa,4 min,"Que os argentinos tomem no cu....

Anos 90 e 2000 roubaram todos os brasileiros, 

Principalmente palmeiras, sp, santos e Corinthians!"
Santos,Rick,@Rick8989898,4 min,"A questão aí é que Renan e Bárbara são amigos e tão zoando, o Raiam Santos não, ele tá falando sério e pra ficar causando mesmo"
Flamengo,∆,@Dezinh96,4 min,Jogo da libertadores do flamengo vai passar na Disney+ 
Palmeiras,Verdazzo,@verdazzo,4 min,"Cerro Porteño x Palmeiras - TRANSMISSÃO AO VIVO é aqui!
Abaixe o som da TV e deixe o áudio com a gente!
Só para adultos!"
Corinthians,Corinthians,@Corinthians,4 min,"Fala, Hugo Souza! 

O goleiro falou sobre a importância do confronto de amanhã! 

Assista completo na Corinthians TV  
tiny.cc/69l2101

#VaiCorinthians"
São Paulo,Trânsito360 ̊,@transito360,4 min,"Atenção!
 Túnel Jornalista Fernando Vieira de Mello, que será interditado na quarta-feira (29) e na quinta-feira (30), das 23h30 às 04h00 do dia seguinte, para serviços de manutenção a serem realizados pela Prefeitura de São Paulo
#TrânsitoSP"
Internacional,Revista Fórum,@revistaforum,4 min,"O correspondente internacional da Fórum Henrique Rodrigues (
@prof_henrique_
 ) comenta sobre os fatores reais que levaram à derrota de Jorge Messias no Senado: a força ainda latente do bolsonarismo (que conseguiu 42 votos contrários), a traição dentro da base aliada e a atuação"
São Paulo,feeblelittle,@feeblelitlle,4 min,"O que torna o de São Paulo mais sujo e mal cuidado é talvez a densidade urbana, porque é de longe o mais decrepitado, até as vielas mal cuidadas do rio são mais limpas e não fedem tanto"
Palmeiras,Beto Stortiⓟ,@StortiBeto,4 min,Avante Palmeiras .
Santos,DreXter_,@DreXter_S9,4 min,Cara sem maldade sem comparação com o cara fudido com 34 anos e o Rayan novo e bom..Neymar já era te acabado mas o time do santos é horrível
Corinthians,Leo,@Leozin_LHP_,4 min,"MUITO TRISTE O QUE ACONTECE NO PQSJ.. O CORINTHIANS TEM DONO E SÃO UM BANDO DE LADRAO CORRUPTOS, DEUS QUE ME PERDOE
MAIS TEM QUE MORRER GENTE PRA SERVIR DE EXEMPLO.. O CORINTHIANS TEM QUE SAIR DESSES LIXOS"
São Paulo,lala ᯓᡣ𐭩 VAI VER O ENHA,@iluv02sjy,4 min,"cruz credo mano, não kakakakak. 

amor, sou torcedora de um time que ultimamente não sabem o que querem da vida (são paulo "
Corinthians,Jovem Pan Esportes,@JovemPanEsporte,4 min,"JOGO DO GRUPO DO CORINTHIANS! Com gols de Tomás Nasif e Mateo Mendia, Platense vence, chega aos seis pontos, mesma pontuação do líder do grupo E, o Corinthians.

#Libertadores #Platense #IndependienteSantaFe"
Vasco,Danilo Cerveira Almeida,@DaniloCerv14057,5 min,"No ano passado o Vasco priorizou a sul-americana, passou em segundo e caiu na fase seguinte. Chegou na última rodada correndo risco de rebaixamento. Vasco tem que priorizar é pontuar no brasileirão, fazer uma campeonato tranquilo."
Corinthians,re_celia,@celia_re2,5 min,"Nem as ração do cachorro dele ele paga e as idas ao pet kkk TUDO NO TOBA DO CORINTHIANS,  que contrato e esse para  um jogador."
Grêmio,Geovani,@GeovaniBH,5 min,Lembrei do grêmio recolhendo as caixas na época do R10. 
São Paulo,BTS EU VOU!!!,@victoryagrand,5 min,"vendo 2 ingresso pista BTS ( meia entrada )

Passo pra sua conta da quentro!!
wa.me/5521979463801

Tags: vendo, ingresso, BTS, dia 30 sexta São Paulo"
Palmeiras,@superkakarotto_,·,,o palmeiras que jogue sozinho 
Grêmio,Tavares,@travis_tavrkdk,5 min,"Vários, nenhum o q ele pegou do Roger em 2016 seu otário. Não usou no Grêmio e nem em lugar nenhum. Trouxa"
Flamengo,Caio Maia,@KIOM414,5 min,"Flamengo fazendo o mesmo que fez com Arias. Sabia que não ia levar, mas entrou com proposta para fazer o preço subir e o Palmeiras pagar mais caro kkkk"
São Paulo,Cleiton,@cleiton_d7,5 min,"Democracia de POVO ao POVO 2026?
Liberdade Parlamentar? Eleições livres?
#SbtBrasil #sbtnews #jn #g1 Inss? 
#bandnews #jornaldarecord Aborto?
#jornaldacultura São Paulo? Censura?"
Corinthians,BartoloTheusˢᶜᶜᵖ,@1910amatheus,5 min,"O Corinthians quer fazer um time só de Matheus, já falei que vai dar merda"
Botafogo,R10,@Rafaaalmeida10,5 min,Botafogo x Remo
Flamengo,gabriel,@gabxznc,5 min,Galo de 2020/2021 amassava o Flamengo em todo jogo cara KKKKKKK
Palmeiras,Nayn,@mais_achadinhos,5 min,"""Ain... Jogador tem ser eterno do meu clube ""
Vcs são doidos 
Pra mim o ruim da história é esses caras q marcaram um era,ir pra adversário direto ou que nós fizeram passar raiva como o Palmeiras,fora isso é normal oq cara.querer sair de um clube q tá cheio de problemas"
Flamengo,Douglas Santos,@douglasramiroo,5 min,"Helena anunciou sua saída do Sesc Flamengo após 6 anos e remove post em menos de 10 minutos…. Era post pronto? Postou antes da hora? Ela confirmando o que todos já sabiam, essa foi a última temporada com o time carioca. Uma pena que não foi aproveitada ao máximo.

#volei"
Flamengo,Mônaco,@pauloce67467128,5 min,Aterro do flamengo
Botafogo,Perseus,@Percyjackston,5 min,"Burrice do Botafogo em fazer isso, quando o jogador gosta e quer continuar no clube, a diretoria tem que fazer de tudo para manter!"
Santos,Igor,@igor19alves,5 min,Diego quando era do santos fez um gol no sp e pisou no escudo de sacanagem deu uma confusão do caralho kkk
Botafogo,rachel ⋆.˚✮,@evermorerachel,5 min,beber em botafogo o que minha filha bora é pra bangu
Vasco,DON,@DonElece,5 min,Vasco
Palmeiras,Ritmo de jogo,@rub_andre,5 min,"Morto preguiçoso, expulso do Palmeiras, e burro que ainda caiu no golpe do Bigode"
Flamengo,T᥉ᥙkι,@crfxnn,5 min,"ela quer q o palmeiras receba o mesmo q o flamengo , isso n existe

um tem quase 50 milhões de torcedores e o outro n chegou na casa dos 20"
Botafogo,morte lenta e dolorosa (8/45),@ninameninausina,5 min,Ganha do Botafogo ai pfv
Corinthians,Fiel Na Alma,@FielNaAlma,5 min,"Amanhã o noticiário do Corinthians será:

•2, 3 nomes oferecidos

•Corinthians estuda a contratação do Everton Cebolinha

•Acordo do NR com a Caixa mais próximo

•Mais alguns nomes para serem contratados

Tudo isso pra enganar o torcedor e mascarar as atrocidades feitas no"
Corinthians,Alexandre100fax,@Alexandre1910x,5 min,"Se alguém investigasse os ultimos 16 anos do Corinthians, teria que construir até uma prisão nova

Nem cavou muito e já achou 3 ex presidente."
Corinthians,Igor,@IgorRPerera,5 min,Boa deu Corinthians hoje ADM
Botafogo,João Freire,@joaofrreire,5 min,O Flaco vai pro Botafogo sim
São Paulo,Brenno,@brenno__moura,5 min,"20h43, em São Paulo 

Globo #TrêsGraças 23.00
Record #JornalDaRecord 5.82
SBT #SBTBrasil 3.80
Band #GuerraDasRosas 1.45
Cultura #CartãoVerde 0.30"
Flamengo,jennie,@jenxthvluv,6 min,"Fluminense todo ano que passa só se afunda, os cara acham que são Flamengo, pra dar 1 milhão e meio por mês pra um velho de 55 anos bater falta."
São Paulo,D.O¹⁹³⁰ #CampeãoDeTudo,@umpaulistano,6 min,"Não existe mais isso no São Paulo pós 2011
Preferem contratar bagres velhos com salários astronômicos"
Palmeiras,Felipe Cruz - FC,@Flp__,6 min,"Hoje eu vou perder uma moeda aqui sem arrependimento. 
Difícil, mas sou clubista e no caso do Palmeiras, eles sabem jogar essa competição. "
Cruzeiro,Giljunior Games,@GiljuniorT31782,6 min,"CRUZEIRO x BOCA JUNIORS - CONMEBOL LIBERTADORES 2026 
youtu.be/1MG8TwdGt8A?si
… via 
@YouTube"
Palmeiras,Gian Oddi,@gianoddi,6 min,Estamos no ar! Cerro x Palmeiras.
Santos,Sylvio Santos,@SylvioSantos6,6 min,"Registo Fotográfico
Por, Osvaldo Santos

O que é que mais chama a tua atenção neste trabalho?
.
.
.
#art, #photography #portugal #santarem #almeirim"
Flamengo,(José),@Joseteixeira123,6 min,"Flamengo 6 x 1 Estudiantes 

Danilo, Arrascaeta, Lino e três do Bruno Henrique."
Flamengo,Luann H.,@Luann_Hoekstra,6 min,A torcidade de merda do flamengo querendo de qlqr jeito inflar seu ego
Grêmio,Júnior Leal,@italo_lealjr,6 min,até o Torque perdendo pra ajudar o Grêmio e meu técnico lançando Caio Paulista... se ferrar
Botafogo,Republica Federativa de Botsuana,@prax1zBFR,6 min,"Tenho 1,89. sendo mais baixa ou da mesma altura que eu já vale. 

Se a mulher passar disso já é papo de virar o novo pivô do Dallas Mavericks ou substituir o Barboza na zaga do Botafogo"
Santos,niero,@nierosep,6 min,o maior é o do santos q saiu de 2 pra 8
Palmeiras,Hugo_crf,@buenohugo,6 min,"O Palmeiras deve jogar sozinho, ele é contra a decisão da galera da Libra, vai Palmeiras se apequenar um pouco mais."
Flamengo,Lucas 愛,@LC_Albu,6 min,Não combina com a minha camisa do Flamengo
Vasco,Caio Caesar,@CaioCaesar98,6 min," Lembranças de dias 29/04.

Meu aniversário tem dois Vasco x Botafogo marcantes. Um histórico pra ela, outro inesquecível pra mim "
Cruzeiro,Goes,@gm125080,6 min,"Sada x Minas na sexta 
Cruzeiro x atlético no sábado 
Minas x Praia no domingo"
Flamengo,Pri Pitanga,@PriiPitanga,6 min,Esperando o horário do jogo do flamengo kkkk agonia já
Santos,julie hj and sh's lost child,@madebyhwa,6 min,ai nao me estressa nao nickola santos
Corinthians,CorinthiAnne ˢᶜᶜᵖ,@DemoniaEldiana,6 min,já pensou esse homem larga o Corinthians pra virar motorista da city+
Palmeiras,Samuka,@AtaquedoGalo,6 min,"Deveriam ter trocado de empresa.

Nao vou na arena enquanto nao trocar.

Estão cobrando 7x o valor do custo do palmeiras"
Santos,Little Oxossi,@Nasciimento12,6 min,"Fiquei muito mais conectada com os meus santos, falo com vento e fico com o coração em paz"
Botafogo,Tática Alvinegra,@TaticaAlvinegra,6 min,"Um dia inteiro já se passou e parece que a ficha ainda não caiu.

Participar de uma transmissão da Botafogo TV sempre foi um sonho desde que comecei aqui a página em 2021.

Obrigado aos que prestigiaram a live ontem e a todos que fizeram essa experiência maravilhosa possível!"
Corinthians,Igor,@IgorRPerera,6 min,Boooa deu Corinthians 81 X 71 #NBBnoSportv
Flamengo,Bia ビア,@MistcGaymer,6 min,"Vou no mesmo palpite, impossível o Flamengo perder"
Flamengo,Rafael,@rafavasco__,6 min,Se todos os clubes tiverem a postura do Palmeiras até 2029 todos os clubes da serie A vão estar na LFU e apenas flamengo e clubes menores na libra
Flamengo,Fabs,@fabiMenezes23,6 min,"Hoje tem Flamengo na libertadores e eu estou aqui no uber chorando, indo para o hospital cuidar do cara que me ensinou tudo de Flamengo, me ensinou o caminho certo para ser essa Flamenguista hoje.
E hoje vamos ver Flamengo juntos de novo, eu não vou desistir de você PAI "
Botafogo,Yasujirō Ozu Botafoguense,@gloriozu,6 min,o botafogo... só depende de si...
Botafogo,ボタフォゴFR,@Botafogofrjp,6 min,"Tem gente que diz que gosta de futebol, e quer que o Botafogo acabe."
Flamengo,Flávio,@jose_flavi79106,6 min,"Seria a terceira opção no Flamengo, mais lembra que o Palmeiras poderia ter renovado com vc e cagou kkkkkk"
Corinthians,#MarcelãoDaFiel,@FielTimoneiro,6 min,"É isso que sócio do Corinthians pensa do Sócio Torcedor.
Os caras mantiveram a R&T na presidência de 2008 até 2023, depois ficam assim qdo há a possibilidade ínfima de Sócio Fiel Torcedor poder votar kkkk"
Santos,Ronald,@GuAqa65132,6 min,É por isso que agora é Renan Santos
Botafogo,MR SPORTS,@mrsports_br,6 min,"Durcesio Mello continua como administrador da SAF.
#mrsports #Botafogo"
Santos,Jeff Santos,@JeffSantos44979,6 min,"Santos é simpático mesmo

Se for de uma parte específica (sou daqui do lado)

Pernambuco o povo mais maneiro que já conheci quando viajei

E minas fica em segundo lugar"
Vasco,Roberto Alencar,@Roberto23976511,7 min,"Vender pra dobrar ou triplicar a divida? Vender por merreca, ter dono, depois brigar pra retirar o dono e recuperar pra gente de novo o que é nosso, fazer Recuperação Judicial, como Vasco e Botafogo. SAF nao é promessa nenhuma de controle de divida, e os exemplos tao aí..."
Internacional,Jogo Barato,@JogoBaratoTT,7 min,"[Amazon] LEFT ALIVE (Day One Edition) (PS4)

 
jogobara.to/p4LLk
• R$ 103,24 em até 3x
• Frete Grátis

 Envio Internacional. Taxas Inclusas."
São Paulo,"Etevaldo, o Roberval",@Kameloth,7 min,"Aham. Facilitar a vida das pessoas é isso. E São Paulo é um exemplo: a região de Itaquera é longe. O governo ajudou a investir na construção do estádio lá, e tinha prometido outras obras, principalmente com participação de empresas para aproveitar a mão de obra. Resultado? Só o"
Botafogo,FogãoNET ★彡,@fogaonet,7 min,Copa Sul-Americana: Caracas e Racing empatam pelo grupo do Botafogo
Santos,matresma,@matresma,7 min,"Domingo Legal e Programa Silvio Santos são mais piores, desgastados, ultrapassados e inúteis"
Flamengo,Ton.,@Tonskatemore,7 min,"Voces nao estao no mesmo patamar do Flamengo, contenha -se a sua insignificância"
Botafogo,NIKOCESAR,@NIKOCESAR22,7 min,"Mentira ! 
Essa
Foto foi tirada em
Botafogo"
Flamengo,Mãe da Luna,@Jociimara,7 min,"Eu prefiro quebrar uma perna do que pedir ajuda ao prof da academia. O bafudo do meu horário não dá atenção para as gostosas, ele só dá atenção para os machos para falar de futebol. Quase me machuquei agora tentando arrumar uma cadeira ele falando do flamengo meu cu"
Vasco,.,@wbgqge,7 min,Vasco ameaçou te roubar ?
Flamengo,DON,@DonElece,7 min,Busca meu nome no perfil do amigo aí e tu vai ver que ele é o Atlético Mineiro e eu sou o Flamengo. Rivalidade unilateral.
Grêmio,Grêmio Scouts,@stats_gremio,7 min,"Grêmio escalado com time misto para enfrentar o Palestino! 

Vamos, Grêmio !"
Vasco,Rafael Favero,@Favero_Rafael,7 min,"Depois de tratar tendinose na perna direita, Willian volta a atuar pelo Grêmio. E já como titular. Sua última partida foi em 22 de março, quando entrou no segundo tempo da derrota do Tricolor para o Vasco, em São Januário, pelo Brasileirão."
São Paulo,𝑙𝑢𝑙𝑢 𝑣𝑎𝑖 𝑣𝑒𝑟 𝑜 𝑎𝑒𝑠𝑝𝑎,@wtfning,7 min,"Olha aqui seu galão de  briga, sempre amarei São Paulo. Mas essa rapariga de quinta não aceita. Se mangue sinhá égua"
Corinthians,Luis Eduardo,@interagbra,7 min,"Agora vcs entenderam que a reforma do status era importante?

Se para eles é ruim, era pq era bom para o Corinthians !"
Flamengo,Rafael Cotta,@elcotta,7 min,FLAMENGO TÁ ESCALADO!! 
Corinthians,Rodolfo Gomes,@Rodoxgomes92,7 min,"Prováveis 11 do 
@Corinthians
  para o jogo de amanhã. Time titular em campo com uma única dúvida, 
@JesseLingard
  na vaga de Vitinho."
Santos,Ivanio,@Ivanio47047007,7 min,"Bessias rejeitado!
Kkkkkkkkkkkkkk
E o Renan Santos também."
Internacional,Eunice Paiva,@ouchm4rvel,7 min,"o rio é caxias, queimados, santa cruz... lugares pobres, gente que nunca mais, infelizmente, vai ter outra chance de ir num show de artista internacional renomado na vida. É só ver pelo ano novo: artistas nacionais colocam 1,5 milhoẽs naquelas areias"
São Paulo,bela,@unofury,7 min,aparentemente todo mundo vai estar em são paulo nesse final de semana aí ne e nada de anunciarem o line up do primavera
Grêmio,NerdGol,@nerdgol,7 min,O do Grêmio Prudente é o mais bonito e o mais feio é do Brasiliense
Flamengo,edu,@oduduonce,8 min,"O time do santos nao compete com ninguem…

Nao ganhou do flamengo, nao ganhou do bahia e provavelmente nao vai ganhar do Palmeiras, e isso provavelmente aconteceria se neymar estivesse tbm

Sozinho ele nao consegue mais, precisa do time, mas o time é vergonhoso, n da"
Botafogo,Pedro Chilingue,@pedrochilingue,8 min,"TERMINOU!

Caracas e Racing acabam de empatar em 1 a 1 na Venezuela. Resultado excelente pro Botafogo. 

Agora é vencer o Racing em casa e encaminhar a primeira colocação na Sul-Americana."
Botafogo,pa,@p73021675,8 min,"O Governo já suspendeu a Crefisa e ela não faz mais empréstimo para o INSS, a fonte secou.
É questão de tempo para a marra dela acabar e o Palmeiras começar a procurar outro messenas, assim como o Botafogo."
São Paulo,Schmosby,@ygor_jean,8 min,"Mas em Minas não vai ter mesmo, São Paulo tem porque tem gente de todo o país morando aqui, maior parte da população de São Paulo migrou de outros estados"
Flamengo,Rafael ᶜʳᶠ,@_FaelOlv,8 min,"O fato d'eu questionar a cultura de torcedor de facção e seus argumentos, n significa q eu n tenha orgulho do meu estado.

Agora eu entendi o pq n entendeu a zoeira sobre ""fluminense e Flamengo"" 
N consegue concluir um simples raciocínio."
Santos,@Julinsxz03,·,,"Mas ela falou que eu sou bom em repertório tchau (os repertórios que eu usei kkkk salve Rosa, Control Z e o Hytalo Santos"
Flamengo,m,@sweetandlitttle,8 min,sou ateu da associação do flamengo com Israel (caio está mentindo
São Paulo,𝘍𝘳𝘢𝘯,@sccp_myvida,8 min,O cara falando que o goleiro do são Paulo aprendeu o giro no bale kkkkkkkkkkkkkkkkkkkkkkkkkkkk
Cruzeiro,ratodocruzeiro,@RATOcec,8 min,"É DIA DE SER CRUZEIRO 

arrepiei todin Aj"
Santos,jbnsil,@JoebeNunes,8 min,Fabio santos não entra nessa ?
Flamengo,Felipe Pinto,@felipepinto88,8 min,"Me perguntei a mesma coisa! Pq o Minda é primeira opção pra entrar contra o Flamengo e hj não é titular? A resposta é, pra titularidade o barba usa a tal da hierarquia, e isso vai derrubar ele!
Outra coisa, a curva de aprendizado dele pro elenco e pro Fut Br tá muito lenta!"
Corinthians,Marcello,@Fmarcellorp,8 min,"Muita gente ""minou"" a SAFiel em troca dessa reforma de estatuto. Agora veio o choque de realidade. 
Mudancinha light não resolve o nosso problema. Não existe solução para o Corinthians vinda desse modelo associativo."
Flamengo,dudu,@dufrota_,8 min,"Putaria oq esse time se tornou 
E vamos ganhar com o pé atrás hoje. Flamengo copeiro"
Flamengo,Mayarão,@mayarao7_,8 min,Flamengo você tem uma missão....
São Paulo,RUTE,@RuinedRaquel,8 min,"O Primo Isaac Alcolumbre em outubro de 2021, o ex-deputado estadual foi preso pela Polícia Federal na Operação Vikare.              Em março de 2022, o advogado Alberto Alcolumbre, irmão do senador, teve quase R$ 500 mil em espécieapreendidos pela Polícia Militar de São Paulo."
Flamengo,Carlos42 Balduino,@Carlos42B,8 min,"Pode ser contra, a favor, parcialmente ou não ter posicionamento. O que interessa é que o flamengo tem o direito e vai receber, quer queira quer não. 
Favor sentar e chorar em posição fetal kkkkkkkk"
Flamengo,Vintage,@vint4geofc,8 min,"Sou Flamengo, mas acho complicado ter paciência quando o seu time está quase sempre em crise e precisando de resultados imediatos para sobreviver.

Se eles tivessem na condição de uma Bahia, Fluminense... Dava pra desenvolver melhor dessas jóias do continente."
Botafogo,Noah Shuster,@noahshuster,8 min,Excelente resultado para o Botafogo esse empate entre Caracas vs Racing. Líder isolado de seu grupo.
Internacional,Jornal Capital News,@CapitalNews,8 min," Algodão em pluma atinge maior preço desde julho de 2025
Alta é impulsionada por mercado internacional firme e oferta restrita na entressafra

#UltimasNoticias #CapitalNews"
Vasco,BRF,@BRF1970864,8 min,"O CT do Vasco é na cidade de Deus, linha de tiro."
Botafogo,𝕽𝖔𝖉𝖗𝖎𝖌𝖔 ★彡 FORATEXTOR,@Rodrigo_bs01,8 min,"Ótimo resultado pro Botafogo esse empate entre racing e Caracas, vencendo eles na próxima rodada ja encaminha a classificação"
Santos,Radar De Ofertas,@ofertas_Radar77,8 min," OFERTA NETSHOES
tam p e m

Camisa Santos II 25/26 Neymar N° 10 

De R$ 399 por R$ 127 no Pix
Cupom: PROMOS10 

Loja Oficial Netshoes
bit.ly/48y3Sl7

 Mais ofertas no grupo: 
linktr.ee/achadinhos_mos

#anuncio #desconto #oferta #promo #BBB26"
Flamengo,Atlético mineiro série,@AlexsanderCass7,8 min,"Palmeiras 2 a 1 
Flamengo 3 a 0"
Palmeiras,Regis Rugolo SEP1914,@RegisRugol8154,8 min,"Falo ate o Palmeiras de 72 e 73 , de 94 eu assistia ao vivo , dentro dos estádios ."
Palmeiras,Gregório Blasco,@gregoblasco,8 min,Eu estou como num título do Palmeiras!!! 
São Paulo,raphael,@kbotia,8 min,"Imbecil kkkkk, Haddad foi o pior prefeito de São Paulo, vc quer msm comparar

Quanto a privatizar eu concordo, tem q privatizar TD, mas não pode privatizar só pra uma empresa não, tem q abrir concorrência, produto público só serve pra político meter a mão, olha os correios"
São Paulo,lucas,@itslukasb,8 min,alguém troca o ingresso meia estudante do show dia 30 pelo dia 01??? the weeknd São Paulo
Corinthians,bea is a rockstar,@TAAAAAAABOA,8 min,oi gatinhe vi q vc gosta do corinthians rs
Corinthians,Arthur,@ArthurG08196667,8 min,"Tudo que tem de pior está na política do Corinthians. Cada entrevista que algum la de dentro fala é um arsenal de bosta misturado com cinismo. Um bando de lixo, pilantras. Infelizmente o Corinthians não tem futuro"
Internacional,ABILIO,@abiliopava1198,8 min,Vc é f..... Será um dia o melhor correspondente internacional do Brasil. Se já não o é. 
Grêmio,TECGOL,@canaltecgol,8 min,"PALESTINO x GRÊMIO AO VIVO Sul-Americana 2026 3ª Rodada | Narração 
youtube.com/live/ukbfUC2Mk
… #CDPxGRE"
Corinthians,StabileMerionetedaRT,@JasielSant55903,8 min,"A facção que existe dentro do 
@Corinthians
 é pior q as criminosas q existem em nosso país, a que tem no PSJ não tem medo de ninguém, sabem q estão protegidas por um sistema corrupto q nunca deixará de existir e jamais haverá punição pra quem o controla!"
Internacional,Marcelo,@marcelocreator,9 min,"Para quem está mergulhado em Demolidor: Renascido, vale dar um salto lateral para outro território igualmente tenso. Charlie Cox lidera uma minissérie thriller de 5 episódios em uma espionagem internacional.
Na trama, ele interpreta Adam Lawrence, um agente do MI6 que é jogado"
Internacional,Vick,@VitoriaClaro,9 min,"Quase acabando o dia Internacional da Dança, vim deixar minha contribuição e homenagem pra essa arte que me move! "
Flamengo,davi do ártico,@duarfii,9 min,HELENA WENK FEZ TEXTÃO SE DESPEDINDO DO FLAMENGO E APAGOU
São Paulo,natnat,@gaytorad,9 min,compro ingresso meia entrada nos setores SVIP e VVIP do Fan Meeting da Faye Peraya de Uma Promessa Sob o Por do Sol em São Paulo (desesperada aqui
Corinthians,Futuro MVP,@fu_tu_ro_mvp,9 min,"Só tem UM defeito: não consegue correr e pensar ao mesmo tempo, chutar a bola direito e fazer gols!!!

O Corinthians é o único time do Brasileirão que não marcou 10 gols no Campeonato ainda...

E a Torcida fica TODA DERRETIDA por esse jogador, pensando que futebol é atletismo!!!"
Corinthians,Ari Fagundes Sccp,@AriFagundes4,9 min,Triste demais oq se tornou o Corinthians
Atlético Mineiro,karol,@jenniexrjkim,9 min,atlético mineiro esta morrendo e eu nao to vendo ninguém fazer nada. Galoucura so abaixa a cabeca e aceita tudo
Cruzeiro,Ribeiro-Santos,@escrevesquecer,9 min,"O título ""Cruzeiro x Boca e PSG x Bayern são o mesmo esporte?"" e o segundo parágrafo ""Eu não irei entrar no debate de ser um 'outro esporte'"". Uai."
Palmeiras,Luisⓟ,@luisfmauricio98,9 min,O Palmeiras nunca perdeu no Paraguai pro Cerro Porteño. Não é possível que até essa escrita o Kim Jong-Bel vai conseguir quebrar?
Internacional,7TH♱YEAR: bella,@gyubllkppr,9 min,feliz dia internacional da dança pra nós que vivemos disso
Flamengo,edu,@oduduonce,9 min,"Flamengo ele foi suspenso, e pela forma que foi eu acho que nao conta.

Poderia ter jogado contra o Bahia, mas nao jogou pra jogar a partida “decisiva” na argentina 

Contra palmeiras, sintético.

Concordo que ele deveria ter que jogar jogos dificeis assim, mas…"
Corinthians,Marcos Araujo,@A73350867Araujo,9 min,Se uma empresa pagar 100% do salário ela pode colocar sua marca no uniforme do Corinthians?
Palmeiras,ZICAO,@tiogildomengao,9 min,"Cara Andreas é muito bom, mas acho Paquetá bem acima, mas tem que perguntar alguém que assiste todos os jogos dos dois times, até pq é bem raro eu ver um jogo do Palmeiras"
Flamengo,.,@mach_avelli_10,9 min,"Cerro Porteno  1 - 2 Palmeiras

Estudiantes L.P  1 - 2  Flamengo

CODE—DPV8WU"
São Paulo,Vieira Comunicação,@vieiracomunica,9 min,"Bem vindo a São Paulo, amigo."
Palmeiras,Kat Z,@ZedKats,9 min,"Ei 
@JonasHSulzbach
 desliga a live mais cedo, tem Palmeiras hoje"
Santos,geracionalzinho,@hotlittleking,9 min,ate o Mirassol ganhando em competição internacional e o SANTOS não
Corinthians,Rato pepsi ⁹⁹ ²⁰ ²¹,@Barhoein,9 min,"Corinthians direto vive vencendo na vila e no panetone, até no Allianz"
Corinthians,joker zoeiro,@jokerzoeiro,9 min,SUMAM DO CORINTHIANS
Corinthians,Dida Fortunato,@DagmarFortunato,9 min,"Que nojo, meu Deus salve o Corinthians"
São Paulo,(){Felippe++},@anomia_strong,9 min,"""Excelente"" linha amarela. Parabéns ao pior governador de São Paulo: 
@tarcisiogdf"
Corinthians,cachorro quente do burgiff,@rebssousag,9 min,Tomar no cu Corinthians
Cruzeiro,Igor,@igorhenriqux,9 min,"Pouco se falou da postura de Moraes, Neyser e Arroyo quando o jogo inflamava um pouco, estávamos preocupados se o Cruzeiro saberia jogar esses jogos, mas até os mlks peitaram esses arrombados"
Corinthians,Magno,@Magno25172534,9 min,"O Corinthians está do jeito que as TO gostam,a verdade é que eles também pouco se importam com o torcedor comum,no fundo eles pensam igual os dirigentes!!!"
Grêmio,panthro_gremista,@panthro_gremist,9 min,Dito isso: Palestino 4 x 0 Grêmio
Grêmio,Laerte Pagno,@Lpunish3,9 min,"Eu destruía também quando não bebia, esquece, a cabeça dele tá na noite porto alegrense, o Grêmio é um SPA"
Corinthians,CorinthiAnne ˢᶜᶜᵖ,@DemoniaEldiana,9 min,me preparar psicologicamente p jogo do Corinthians amanhaaaaaaaaaaaaa
Flamengo,m4rtín,@martinFLA81,9 min,Esse conjunto de viagem do Flamengo...
Vasco,Vini,@ViniMaruche,9 min,"Nem tiro a razão da torcida não ir em Vasco x vermes, muitas confusões e a gente só perde para os caras, ir nesse clássico é jogar dinheiro fora e ainda correr riscos de apanhar na rua de “graça”"
Palmeiras,Neilton,@N3il7on,10 min,"Pois é! O melhor é que daqui a 18 anos o cometa haley vai passar denovo. O Palmeiras segue sem mundial. Davi Lucca convocou um timeco ano passado, né? Osso!"
Vasco,“G”,@gee_who,10 min,"Cara eu sempre tive cheiro do couro pra minha mãe sabe, ela não suportava que eu assistisse futebol pq dizia que era coisa de homem, uma vez eu apanhei pq tava assistindo jogo do Vasco por puro entretenimento, no final eu cresci sem gostar de futebol e msm assim gosto de mulher"
Flamengo,jonil de souza,@de_jonil,10 min," Comnmebol libertadores Hoje as 21:30 horas, da cidade de Lá Plata Argentina, com Flamengo X Estudiantes na ""Resenha com bola rolando""."
Botafogo,Flamém,@Flarama1,10 min,"Lá atrás na foto é a Urca, mas onde ela está é Botafogo"
Flamengo,Onlyice,@AAice420,10 min,"Tem dois confrontos no ano, um ele carregou e no outro foi mal. Pra um elenco de série b como o santos, ganhar contra o flamengo já é muita coisa. Fez mais do que devia. Oq ele faz na vida pessoal dele n me diz respeito."
Cruzeiro,Atlético mineiro série,@AlexsanderCass7,10 min,Cruzeiro ficou sem o pai kkk
Botafogo,geracionalzinho,@hotlittleking,10 min,Não aceito ser o segundo pro BOTAFOGO
Cruzeiro,Cruzeiro Eficiente,@torcidaespecial,10 min,"Eterno Presidente do Cruzeiro e Deputado Federal: 
@SergioSRoficial
 e Senador: Cleitinho juntos por Minas, em prol do Povo Mineiro e grandes defensores do futebol de MG, principalmente o Glorioso Cruzeiro Cabuloso

#JuntosSomosMaisFortes "
Corinthians,Tubarão Martelo Bissexual,@Tubarao_Bi,10 min,O Corinthians precisa da intervenção judicial pra ontem.
Flamengo,Flavia Moreth,@MorethFlavia,10 min,"Não sou afeita a teorias de conspiração, mas é muito estranho que ontem, sem outras pautas contra o Flamengo, depois da exibição de gala no dom., apareça lá o “levantamento” comparativo de tempo de descanso do Palmeiras x  Fla, esquecendo que noutro recorte era o contrário."
Vasco,Ricktere_beatles,@Ricktere_beatle,10 min,"Cara, se eu sou o Palmeiras, só depois da Copa. Mas tinha que ser transparente, coisa que o clube de vocês não é mais. Parece o Vasco dos tempos de Eurico: Uma Coreia do Norte."
Palmeiras,Fla,@Fla770014626560,10 min,O Palmeiras quer fazer uma liga para jogar sozinho
Palmeiras,Gilmar Silibri,@GSilibri,10 min,"@leilapereiralp
  Futebol Brasileiro vive muito bem sem o Palmeiras.

Forte abraço!"
Santos,The Red Book,@isaxk_,10 min,como identificar homem com baixo desenvolvimento cognitivo. O homem posta video de rayan santos falando…
Botafogo,Sou Flamengo,@SouFlameng01998,10 min,"Mas o que acontece é que o Botafogo vai liberar irmão, vocês estão fudidos, o Brasil indo mal na copa não vai chegar proposta da Europa pro Danilo e ele é o único ativo de valor que vocês tem no elenco, capaz do próprio Botafogo não deixar ele cumprir os 12 jogos."
Flamengo,gu loiro,@Luizgustavxx,10 min,eu com 3 horas de sono nas costas mas n perco jogo do flamengo pq aí ja é dms
Flamengo,Miguel Z. Silva,@SilvaZampier,10 min,"Arte foda se o Flamengo vencesse o Liverpool em algum jogo, ou até mesmo pra antes do jogo"
Flamengo,9̶9̶9̶9̶ ᶜʳᶠ,@_lcssv,10 min,esse horroroso ja era p ter saido do flamengo faz tempo
Fluminense,Marcio Viana,@pracima_fluzao,10 min,"Eu quero saber se o Hulk vai vestir a camisa do Fluminense dentro da cidade do galo 

Entendedores entenderão."
Flamengo,FlaBase,@Flabase_,10 min,"Jogou por 5 anos na base do Flamengo até sair em meados de 2023, foi para o Botafogo, depois Serrano e em seguida para o Athletic. No Fla ele atuava como lateral esquerdo."
Flamengo,Baptista,@Baptista010Dois,10 min,Perderam um amistoso contra o Flamengo.
Flamengo,Catão,@carlosedcatao,10 min,"NÃO PERGUNTE:
- a uma mulher, o seu peso;
- a um homem, o seu salário;
- à CBF, onde estão os áudios do VAR de Flamengo x Vitória..."
São Paulo,Ravena,@ravenaafk,10 min,"gente, é verdade que com um salário de 3K não da pra viver bem em são paulo?"
Flamengo,charlotte sometimes,@charlotte_run,10 min,"adivinha quem vai ver o flamengo x palmeiras, no maracanã, vulgo jogo mais importante da rodada? essa mesmo que vos fala"
Santos,Ronald,@GuAqa65132,10 min,É por isso que sou Renan Santos
Flamengo,Chavi Jr,@Chavi_Jr_,10 min,"CONMEBOL. Libertadores 
Grupo A

Estudiantes XI: Muslera; Meza, Pirez, Palacios, Benedetti; Piovi, Neves; Amondarain, Farias, Palacios; Carrillo 

Flamengo XI: Rossi; Sandro, Vitão, Danilo, Royal; Jorginho, Araujo; Lino, Arrascaeta, Araujo; Henrique"
Santos,Alexandre,@akashiiszz,10 min,"Do santos, de 2 pra 8"
Flamengo,Lucas Batista,@menor_L009,10 min,"Só o Flamengo q taca uma porrada de reserva na liberta,q time resenha kkkkkkkk"
Cruzeiro,balza,@tbalzary,10 min,"Rapaziada, vim trazer uma abençoada aqui no Tietê, corrida de 23 minutos, lá do jardins 

Você sai ali do corredor norte sul pra pegar e tiete tem que pegar um acesso escondido pra poder pegar a cruzeiro do sul 

Errei a entrada e tive que fazer o retorno lá na ponte Tatuapé "
Flamengo,André Ribeiro,@AndreRibeirro,10 min,"Estou on 

VAMOS FLAMENGO"
Vasco,SUPERBICAMPEÃO,@CRF_FLA22,10 min,"Seria melhor ir com os titulares e garantir a classificação e mesclar o time contra o Vasco, mais vamos pra cima"
Flamengo,Linketic,@Linketic_lin,11 min,Eu fazendo conta no início do ano pra ver se o Flamengo seria rebaixado no poderoso carioca ou não e a mana vem me dizer que mulher gosta de futebol pra agradar homem?? VTMNCC
Flamengo,gabe,@gabrielpeslo,11 min,"A Helena saiu do Sesc Flamengo, que injustiçaaaaaaaaa"
Flamengo,𝐕,@tuitesfelizess,11 min,tem do flamengo também
Corinthians,rafael,@rgturkienicz,11 min,"Cenário pessimista

Uma vitória amanha praticamente garante o Corinthians em um mata-mata intercontinental (Sul-americana)

Cenário otimista

Time tem tudo pra ser o primeiro do grupo

Vitória do Platense so nao é melhor que empate"
Flamengo,vic,@albvicsz,11 min,daqui a pouco tem flamengo na libertadores
Palmeiras,Arrascapênalti,@noroxzin,11 min,"Vcs diriam que o Gómez tem mais quantos anos no palmeiras? Eu chuto uns mais 3 anos pelo menos, até lá acho que ele chega em segundo pelo menos"
Flamengo,T᥉ᥙkι,@crfxnn,11 min,"se fosse jogador histórico do Palmeiras a sua opinião seria outra, mas como é jogador do flamengo (o clube q vc mais odeia ) obviamente vc falou do zico"
Flamengo,@inconspurcado,·,,"Perdeu pro Esperance e não pro Flamengo, fala merda não"
São Paulo,gusttavolima,@Bella519158,11 min,"O Buteco é para sempre! Adquira agora o seu lugar e viva a experiência mais marcante da sua vida com a gente.

Acesse agora mesmo o baladapp (ou aplicativo do e escolha qual cidade será o nosso encontro: Goiânia (12/9) ou São Paulo (12/12)!"
Grêmio,Orlando Stumpf,@OrlandoStumpf,11 min,"Assistindo a Riestra x City Torke chego a conclusão de que o grupo do Grêmio na Sulamiranda é o grupo da morte, pelamordedêls que coisa mais feia!"
Flamengo,"Luís, o espalha lixo.",@mororo9244,11 min,"Ou seja, torcida do Flamengo que já é maioria sempre, seria ampla maioria sempre, por isso os rivais não querem. Preferem assim. 

São surrados como visitante. Porém, quando mandante, conseguem ver um mínimo equilíbrio. 

Foi isso que fez chegar onde chegou."
Fluminense,Canal AF - André Felipe,@andrefel,11 min,"BOTAFOGO-PB X FLUMINENSE-PI - ESCALAÇÕES - BELO VAI COM O TIME E O ESQUE... 
youtu.be/8QDAgCLxnrE?si
… via 
@YouTube"
Flamengo,Thiago Barata,@thiagobarata87,11 min,Poupar titulares onde? O Flamengo vem num ritmo pesado. O elenco tá aí para isso. Ele com certeza quer ter um time que pressione mais no ataque.
Vasco,Marcos Paulo,@MarcosPaul24860,11 min,"Não tem nada de gigantismo o que acontece é que o Palmeiras tem mais torcida e é mais midiático que o santos,se o Vasco tivesse ganho o mundial de 2000 não teria o mesmo apelo de zoação que o Corinthians pq o Corinthians tem mais torcida e é mais midiático que o Vasco"
Corinthians,BILL ¹⁹¹⁰,@BiLL23slv,11 min,"Eu tbm não sei, mas deve rolar tanta coisa nesse bastidor gaviões x Corinthians..."
Flamengo,Méfius,@sotretapolitica,11 min,"Sai o Palmeiras e 300M no mínimo junto. 
E eu vivi pra ver o fluminense virar puxadinho do flamengo. que fase"
Grêmio,Luiz Augusto Fiuza de Alcantara,@LuizAugustoFiu1,11 min,Atl PR x Grêmio!
Botafogo,m4x.,@m4xbfrznddpvxk,11 min,como eu queria ir nesse jogo botafogo x remo 
Palmeiras,ph,@santenma3,11 min,daqui a pouco tem palmeiras e minha depressão voltará obg abel ferreira vc é incrível!!!!!
Palmeiras,Sergio #Palmeiras12X -,@sergio_rf10,11 min,Bruno Jordão Sacomani JAMAIS teria sido presidente do Palmeiras.
Flamengo,Fernanda ᶜʳᶠ,@mengofe18,12 min,"Flamengo só pensa nele , time egoista kkkkk"
Fluminense,Hancio,@vitorhancio,12 min,"Eu acho que o que deixa a torcida do Fluminense tão amarga recentemente foi não ter podido degustar o título de 2023, já que 2024 foi um calvário que por pouco não se tornou um vexame irreparável.

Se o Flu levanta uma taça pica esse ano + um 2027 tranquilo acho que normaliza."
Flamengo,fkL,@drekoz13,12 min,"Ou seja, ele só tenta jogar contra time sem relevância mkkkkkkkk e nem assim faz a diferença.. deu pra trás contra o flamengo e segundo vcs, vai dar pra trás contra o Palmeiras"
Cruzeiro,Carlos Henrique,@CarlosH22813907,12 min,O mal do mp é só ter jogado em times inesperáveis como West b al hilal Cruzeiro e times desse nível mkkkk paqueta já jogou no milan Lyon e foi destaque da premier league e seleção 
Flamengo,Luiza Sá,@luizasabg,12 min,Flamengo no aquecimento
Corinthians,Kayky Sccp,@Kayky43577016,12 min,"Corinthians se ganhar amanhã praticamente ta classificado, espero que eles joguem com vontade amanhã."
Grêmio,.,@kg10vfx,12 min,"Não entendi as reclamações 

Grêmio não precisa de time 100% pra ganhar do Palestino"
Flamengo,Murilo Ricardo,@MuriloRci,12 min,"Puta que pariu o Royal ainda está no Flamengo??
Porra"
Fluminense,Portal de Prefeitura,@portal_prefeitu,12 min,Hulk acerta com Fluminense após rescisão no Atlético-MG; veja detalhes do contrato do paraibano
Flamengo,ANDRÉ ALFIERI,@Andre_Alfieri,12 min,"Sim, eu to ligado, mas aí claramente não é referência de nada, além do que os dois assuntos não se conectam em nada

Referencia aí seria, sei la, pegar 4 jogadores do Flamengo e colocar pra atravessar a faixa de pedestre, igual o Beatles, com algum contexto que justifique"
São Paulo,Vou ver o bts,@armylind2013,12 min,"Vendo ingressos pro show do BTS em São Paulo - BTS WORLD TOUR ARIRANG!!

 Ingresso ARQUIBANCADA | Dia 28/10 e 31/10 SP

Só vou conseguir no dia 30

Vendo, Compro, Ingresso, 
@bts_bighit
, Sp"
Vasco,Detroitzete,@SilverzZxxz,12 min,"Crl parece o vasco mane, proibido ser competente se n vai pro banco, q desgraça é minha vida esportiva"
Flamengo,André Ribeiro,@AndreRibeirro,12 min,"Tenho medo dessa escalação? Tenho

Vou confiar no Leonardo Jardim? Vou

Posso criticar antes? Sim

Posso queimar minha língua? Sim 

VAMOS FLAMENGO! EU QUERO UMA FASE DE GRUPOS IMPECÁVEL"
Flamengo,Leonardo Costa,@lcamorim27,12 min,Quem for de camisa do Flamengo paga meia na primeira semana
Santos,Pedro,@Pedro4734,12 min,Eu só espero que o Abel não inventa de colocar misto contra o santos
São Paulo,from - Dani,@naoepossiveel,12 min,Prometa né? Hahahahaha São Paulo é com TheWeekend mona
Grêmio,Eduardo,@EduardoRDela,12 min,Vcs não viram como é Treinar o Grêmio com o Renato Gaúcho desempregado
Vasco,Gabriel Ramos,@gabrielramosvg,12 min,"Como informado aqui em janeiro, o Vasco Futsal acertou e agora anunciou a contratação do fixo Rafa Felix.

O atleta é o novo reforço da equipe cruzmaltina para o restante da temporada 2026.

Em seu último clube, Riga FC - da Letônia, Rafa Felix teve 25 jogos e 12 gols."
Santos,Sylvio Santos,@SylvioSantos6,12 min,"Registo Fotográfico   
Por, Osvaldo Santos      

O que é que mais chama a tua atenção neste trabalho?  
. 
.  
.   
#art, #photography #portugal #santarem #almeirim"
Corinthians,Y_Uramesh1,@Y_Uramesh1,12 min,"9 coisas que eu NÃO DEIXO fazer se namorar cmg
- tornar-se católica 
- comprar um Francês com motor 1.4
- Comprar um Wolks com motor EA111 
- Torcer pro Corinthians 
- Votar no Lula
- Botar os Pés no painel do carro 
- Jogar com o Sub-Zero
- Andar de moto
- sair com roupa curta"
Flamengo,Helder,@FlamengoXbox,12 min,"Vou dar uma pausa para assistir Flamengo, depois volto no From."
Flamengo,pe.Dro,@chapeicrf,12 min,"time titular do palmeiras se bem treinador ficaria uma potencia assustadora mas pqp esse banco é assustador de fraco viado elenco muito curto.

pra ter noção da diferença flamengo poupando 5 jogadores palmeiras se poupar 5 o time tem uma queda assustadora de nível"
Santos,Anonimous,@2lfoewmwidema,12 min,"Kkkkk
Decisão do Santos e do staff?
O cara quem decide quando e onde ele quer jogar. Acorda."
Palmeiras,Gabriel,@gsoaresart,12 min,"Então tá tudo empatado, pq vcs já cansaram de ser vice do Palmeiras kkkkkkk"
Palmeiras,José Vieira,@Mapuche77,12 min,"Kkkkkkkkk tu não escalas, e nem detalha, o Palmeiras de 94 e queres tirar essa chinfra? Kkkkkkkkk Piada! Kkkkkkkkk kkkkkkkkk"
Vasco,NäkuZ,@PajaroZ6,12 min,VASCO
São Paulo,Nicolau Terra,@terra_nicolau,13 min,eu moro em são Paulo e sou feliz eu entendi
Vasco,Diego ✠,@Diegofreitas299,13 min,"Por isso tia Leila vem para o Vascão, único time no Brasil que colocou logo do SBT para enfrentar esse sistema de patrocínio e favoritismo foi o Vasco. Historicamente o Vasco sempre foi prejudicado por eles, fizemos SJ com dinheiro da torcida por causa deles! Vem Tia Leila "
Botafogo,Liv vai ver o Zayn ★彡⁩,@livsdotae,13 min,Esse cara não se garante né? Ele quer montar um botafogo 2.0 kkkkkkkk
Vasco,otis primaverino,@Otisprimaverino,13 min,"tipo nao acho o novo feiooooo, mas tbm nao é bonito, acho escudos mais clássicos como o do Vasco mais bonitos, mas melhor do que a cópia do do sp ficou"
Internacional,Nathalia M.,@amigadanathalia,13 min,O BRASIL VOLTOU A SER NOTÍCIA INTERNACIONAL KKKKKKKKK
Cruzeiro,LIBERTA DEPRE,@liberta___depre,13 min,"Segundo a Espn Argentina, o Boca Juniors planeja apresentar uma queixa formal à Conmebol a respeito da conduta desagradável e ""antidesportiva"" de Christian, jogador do Cruzeiro, em relação a Adam Bareiro.
@SC_ESPN"
Corinthians,Miguel,@mirandes63,13 min,Go Corinthians!
Flamengo,Onlyice,@AAice420,13 min,"Contra o flamengo fez kkkkkkkkkkk e ganhou o jogo sozinho! Contra o palmeiras não, e mesmo assim teve a melhor nota! Justamente pq criou e deixou varias vezes na cara mas os bagres do santos n ajudam."
Internacional,Wilton Caldas,@CaldasWilton,13 min,"Faz falta mesmo. Queria perguntar por que VOCÊ foi nos EUA dar entrevista CONTRA a ajudar internacional a ANISTIA?? 
Nao era seu palanque politico desde 2023? 
Ou só a politica interessa e não as pessoas?"
Vasco,Mel bebe perfume,@masterofpupiez,13 min,EU SOU VASCO DA GAMAAAAA SIM SENHOOORR
Botafogo,Frizoni1,@Frizoni157,13 min,Burrinho o lyon aceitou o foro do RJ para litígios envolvendo o Botafogo. A decisão brasileira tem validade lá e será homologada pela justiça francesa. Se informe bem antes de passar vergonha kk
Flamengo,Gabriel,@Gabrieldutra566,13 min,"O fato de eu falar fluentemente dois idiomas pode indicar que eu não seja tão burro assim, né amigo?
Se você acha mesmo que um clube sul-americano, que não seja Flamengo e Palmeiras, pode tirar jogador do Cruzeiro, o burro aqui é você."
São Paulo,G VAI VER ARIRANG BTS,@stz_655,13 min,"Vendo 3 ingressos pro show do BTS em São Paulo - BTS WORLD TOUR ARIRANG!!!

 Ingresso Pista | Dia 31/10 SP

Vendo, Compro, Ingresso, 
@bts_bighit"
Flamengo,...,@OxilDoRio,13 min,"Flamengo ganha de todos os times do Rio em ter mais torcida em quase todos os bairros do Rio, só perde para o Fluminense no leblon"
Fluminense,anti-hero,@batgrlw,13 min,"ele vai se matar com 3 meses no fluminense, vai conhecer o que é ser roubado de verdade"
São Paulo,TINHA que ser o lima,@reid0sdemonios,13 min,"Fala ai swin, são nessas viagens que vemos que São Paulo é uma bosta"
Palmeiras,Hermano P Passos,@HermanoP84,13 min,Ela nunca esteve no Palmeiras...nem Palmerense ela é...na verdade ela so usou o clube mesmo...
Grêmio,Maikão,@maikao1903FBPA,13 min,Vamo meu Grêmio 
Corinthians,vinicius,@ihateanarchyboy,13 min,E tem que ainda acredita que o formato atual administrativo do Corinthians tem como dar certo.
Fluminense,beatriz,@labiaenrose,13 min,"fluminense agora com:

hulk
otávio
savarino
guga
arana
rabello 

quer dizer alguma coisa fluminense"
Flamengo,Conde Lambreta,@CondeLambreta,13 min,A Eurico de saia tal qual o seu mentor vive de denegrir o Flamengo não tendo capacidade de supera-lo.
Flamengo,Pedro 4ires,@silva_pedr77446,13 min,"Normalmente seria uma boa, mas é o Vasco na próxima rodada, tem que tá 100% pq esses desgraçados vão virar a seleção de 2002 pq tão jogando contra o flamengo"
Cruzeiro,Alan Pinho,@alanpinhom,13 min,"Ate pq do isso vc ta vendo, Cruzeiro jogando e Atletico apanhando! Ahhahahahahahha"
Cruzeiro,blues rock club,@bluesrockcec,13 min,"o eixo não quer admitir mas a verdade é que à essa altura já deveriam estar convocados pra Copa do Mundo:

Fábio
Matheus Pereira
Kaiki Bruno
Fabrício Bruno
Kaio Jorge
Igor Thiago

mas eles preferem não ser campeões do que ser com o Cruzeiro como protagonista"
São Paulo,Gustavo Leandro,@Gustavo92963660,13 min,"Então como o São Paulo está na sula 
Aumenta as chances."
Santos,John,@johnbrigid0,13 min,"Para de ser idiotizado mano, o discurso do Renan é IMPOSSÍVEL de ser posto em pratica. Assiste meia hora de um Roda Viva com Eneas que tu entende o quão IMBECIL é um Renan Santos.

O cara não consegue coordenar meia duzia de gato pingado na merda de um partido. 

ACORDA PORRA"
Flamengo,gaby's minho piloto | minsung au,@jeonginights,13 min,RESPEITADÍSSIMO AMOR AQUI EH FLAMENGO PORRA
Flamengo,Chico Maia,@chicomaiablog,13 min,"Esse vídeo deveria ser mostrado ao leão de chácara contratado por esse pessoal do Atlético, que ""chamou na mão"", o atleticano na Arena, no vexame contra o Flamengo."
Corinthians,Henrique Moreira,@Rique0091,13 min,Que vazia do crl. Temos que tomar o Corinthians não mão grande infelizmente. Pois só ter fdp vagabundo lá dentro.
Cruzeiro,Catrumano do Mato Dentro,@cabano1871,14 min,Tomar no seu cú ô filhote do Cruzeiro. Se fuder flamerda. Vai dar o toba para boca te fuder filha da puta dukaralho
Vasco,Marcos Cardoso,@MarcosC4502837,14 min,"O gol contra o Vasco, o craque Carlos Martinho aprovou?"
Palmeiras,phael,@phaelpereiraFla,14 min,"Camisa 1 Palmeiras!

V. Jogador: 
s.shopee.com.br/40cz06wNOD"
Palmeiras,VaL_MV_SEP,@VaL_MV_USA,14 min,"Aqui está QUEM pediu a homologação dos Títulos. 
Veja aí se vc encontra o Palmeiras. 
Porém na segunda imagem, mostra onde esse teu Clube FABRICADO ficou colocado.
Ou seja, antes de 1979, qdo vcs roubaram o Galo para ter o primeiro BR, vcs eram NADA no futebol brasileiro."
Santos,raff,@raffbfr,14 min,"Talvez esse seria o jogo pra ele bater no peito e falar ""Pode deixar que esse jogo eu vou correr o risco, Cuca""

Esse jogo é o último do calendário do Santos que se aproxima um pouco do nível de intensidade que ele iria enfrentar na Copa"
Botafogo,Dudu,@Dudu061264,14 min,Botafogo
Vasco,Claudio Manoel Moura Ramalho,@manoel_m3,14 min,"Considere que nenhum dos dois, infelizmente, pode não ter o menor  interesse em jogar pelo  Vasco"
Palmeiras,Thyago,@ThyagoBatista16,14 min,Como cedeu para o Palmeiras se o Palmeiras também iria receber menos?
Flamengo,Bodão Maneirão,@bodaomaneirao,14 min,flamengo
Vasco,João Pedro Reis,@jpdosreis7__,14 min,"Botafogo está entre o cara melancólico do Botafogo e os alternativos da ZS

Flu é a cultura nobre, Belmonte, Laranjeiras e etc 

Fla é a massa, Brasil

Vasco é o suburbano, o proletário"
Flamengo,JayMemory,@JooPedr38005225,14 min,"Foda-se, cara. Flamengo é campeão de 87. É fisicamente impossível time da série B ser campeão da série A. Fim de papo"
Flamengo,Pedro Augusto,@PedroAbs3096,14 min,Eu sei disso. Atletico e Flamengo dentro da Arena MRV era tão importante quanto.
Fluminense,@Gui1Brasil,·,,Concordo. Acho que Hulk vai render em alto nível no fluminense.
Flamengo,heloisa,@noffstark,14 min,pra mim é simples: lá em brasília? fudeu. presidencialismo de coalizão? acabou. pro povo? tem jogo do flamengo na liberta hoje
Flamengo,Daniel,@danielo87244880,14 min,Flamengo foi com time misto nos 3 jogos dessa libertadores
Flamengo,Mad Rubro Negro,@P0P3Y3RN,14 min,".... Vamos Flamengo !

E aí Malvadões gostaram dos 11 iniciais ?

#Flamengo #Mengão #Malvadão #Libertadores"
Santos,?!&@;@,@T5IU7MB6O043358,14 min,"Ué, não entendi porque estão tratando o Zema como terceira via enquanto o cara pontua pouco mais da metade das intenções de votos do Renan Santos..."
Flamengo,Méfius,@sotretapolitica,14 min,"flamengo tem sorte que a Leila sonha com a CBF se não já tinha recebido um não de cara.
O Palmeiras não tem nenhum motivo pra aceitar nenhum acordo. A única coisa que torna isso possível é a Leila comprar favores de 9 clubes que estão fundidos mas ainda tem votos na CBF"
Flamengo,Infoboleiro,@infoboleiros,14 min," Os únicos 3 jogadores da história que marcaram mais de 100 gols por 3 clubes diferentes:

 Romário (PSV, Flamengo e Vasco)
 Neymar (Santos, Barcelona e PSG)
 Cristiano Ronaldo (Man United, Real Madrid, Juventus e Al-Nassr)"
Palmeiras,por que waldemar?,@alanmazaga0,14 min,"Que o palmeiras jogue sozinho ou com o sub-20 a copa sem mundial, vai dar muita audiencia"
Fluminense,InterCP,@InternacionalCP,14 min,"Inter intensifica preparação e busca equilíbrio para enfrentar o Fluminense no Beira-Rio

Pezzolano ajusta equipe para aumentar poder ofensivo sem perder consistência defensiva"
Vasco,Bruno,@Bruno_mdmm,14 min,Governo virou o Vasco: acabou e vai cair!
Botafogo,Vascaíno /+/,@vascaino1948,14 min,"O barbosa deu entrevista ontem dizendo que estava tudo acertado entre palmeiras e botafogo, mas ele não estava ciente de nada"
Cruzeiro,Shamanta,@Shamantaf10,14 min,"Torcida do  Cruzeiro parece que é alérgica a elevar o elenco de patamar, ficam numa frescura ai se o gregore vir vai tirar vaga do romero, ai se um ponta top vier vai tirar vaga do arroyo, plmds gente olha a maratona de jogos que temos, acordem para a vida..."
Fluminense,fp 26/45,@inter1x2flu,14 min,"O Mirassol num grupo com Lanus, LDU e Always Ready tem mais pontos que o Fluminense num grupo com Rivadavia, La Guaira e Bolivar.

E tem quem defenda o Zubeldía."
Internacional,Raynara Candisse,@candissehinara,15 min,"youtu.be/HErVfEVAjz8?si
…

Uma das apresentações mais desafiadoras da minha vida. Quebrei meus paradigmas. Saudade das trocas e risadas. Foi um momento lúdico inesquecível e libertador.
Feliz dia internacional da dança 
Dançar é abrir as asas de ser humano Voar pelo corpo. Soltar"
Santos,paginarural.com.br,@paginarural,15 min,"BELEZA FUNCIONAL - VENCEDORES - 91ª EXPOZEBU - UBERABA 
MG: Campeonatos Matriz Modelo e Modelo Frigorífico destacam funcionalidade e eficiência genética na 91ª ExpoZebu, diz ABCZ em 
paginarural.com.br/noticia/337777/ 
Foto: André Santos"
Palmeiras,تغرد تغرد,@sepraxis,15 min,"e aracácea é a família botânica das palmeiras, uai kkkk coqueiro é um tipo específico de palmeira, para de ser burro e chorão. o psj tem PALMEIRAS na fachada, vc queira ou não"
São Paulo,Cleiton,@cleiton_d7,15 min,"Democracia de POVO ao POVO 2026?
Liberdade Parlamentar? Eleições livres?
#SbtBrasil #sbtnews #jn #g1 Inss? 
#bandnews #jornaldarecord Aborto?
#jornaldacultura São Paulo? Censura política?"
Flamengo,Juan Vitorᶜʳᶠ o URUBU de 𝗢𝘇 𓅐²¹,@j_vtr_oz,15 min,"Para de ser burro.

Antes e depois desse recorte aí, o Palmeiras descansou e descansará mais q o flamengo"
Corinthians,Alexandre100fax,@Alexandre1910x,15 min,"Intervenção 
Poderes divino
Meteoro 
Missil desviado

Eu só vejo 4 soluções para o Corinthians. Sem isso, vai enriquecer vermes e fechar as portas

O cancer só se espalha, uma hora será fatal. N falta muito para tal"
São Paulo,Victor,@trembala123468,15 min,"Vendo ingresso pro Bts em São Paulo dia 30 , 31 

Cadeira inferior - meia entrada

Transfiro pela quentro na hora
wa.me/5522992491176

Tegs: compro, alguém vendendo, show, quero comprar, procuro, busco, WORLD TOUR ARIRANG, Brasil, ingressos, evento"
Vasco,marcia,@Marcia45693130,15 min,"E os flamenguistas que quase mataram uma senhorinha com a camisa do Vasco que estava vendendo bala pra sustentar os animais resgatados dela??? Mas lá é paz sim, confia..."
Palmeiras,Mario Miguel Lombardi,@MarioMiguelLom1,15 min,"@jogoaberto
 
E o hipocrita
Não marcam pênalti a favor do pelotas nem com reza
E olha
Acabou de enfrentar o time que só ganha roubando, o árbitro não marcou o pênalti claro

E pior, os caras ganharam título com gol de mão e e o Palmeiras que tem a arbitragem.."
Palmeiras,makauli kalvin,@_kelcxrreia,15 min,noche de copa na casa da minha mãe nunca vi o palmeiras perder
Internacional,INFO JIMIN ✶,@info_jimin,15 min,"ELE É REFERÊNCIA! A revista brasileira Quem mencionou o #JIMIN no Instagram, em um post comemorativo ao Dia Internacional da Dança. 

""Quem vê close, não vê corre (e muito ensaio)  No Dia Internacional da Dança, decidimos listar as estrelas que não apenas arrasam nas telas e"
São Paulo,uai,@uaihicks,15 min,Obrigado São Paulo por ter feijoada na quarta!!!!
Corinthians,Danilo J Santos,@DaniloJSantos5,15 min,"enquanto o Corinthians tiver esse modelo sociativo, não vai sair do lugar, vai ficar parado no tempo."
Flamengo,Anderson Rodrigues ¹²,@AndersonArf,15 min,"Pq a chamada da globo sobre o jogo de hoje do cerro x palmeiras as 9:15 termina com uma imagem do pedro do flamengo? que porra é aquela? o que tem a ver com o flamengo??? 
@globoesporteSP
 @Palmeiras
 @palmeirasHQ
 @midiasep
 @PalmeirasVt
 @girafalesverde"
Flamengo,FLAmineiros,@ienegretti1974,15 min,"VC ESTÁ ENGANADO,  PEQUENO GAFANHOTO. O MAIOR JOGA HJ TB E TEM 4.

CLUBE DE REGATAS FLAMENGO."
Internacional,Walter Correa,@correa899,15 min,"Dia Internacional da Dança celebra o movimento como caminho para saúde, felicidade e longevidade - 
tinyurl.com/4k6np6n3 - #DiaInternacionaldaDança - #Movimento - #Longevidade - #Envelhecimento - #Felicidade - #Música - #Saúde"
São Paulo,O Universo da TV,@ouniversodatv,15 min,Globo celebra lançamento do GloboPop com evento em São Paulo
Flamengo,Coruja,@Coruja2298,15 min,"Além de comentarista esportivo, o cara é professor tbm. Sabe fazer mais o que apertar pau com o cu ? Até pq vc é Tricolor né kkkk. Tá usando o Flamengo pra tentar zoar, pq se depender do seu tá fudido kkkkk. Vergonha vcs passam todo jogo, com aqueles 5, 10 mil de público"
São Paulo,lindolfo camisa 3,@sashiisensei,15 min,são paulo ta como cidade mais feliz assim como o rio de janeiro para cidade mais segura
Cruzeiro,Santos Júnio,@SantosJnio1,15 min,"Tem que ver o critério, extraclasse nível mundial no Brasil não tem ninguém. 
Extraclasse nível futebol brasileiro o Cruzeiro tem o Pereira, Gerson, KJ e ainda acrescento o Kaiki que pra lateral no Brasil é muito acima da média."
Flamengo,Luiz Henrique,@lhenrique2108,15 min,"3x1 Flamengo 
3x1 Palmeiras"
Flamengo,Onlyice,@AAice420,15 min,"Neymar contra o flamengo, esse aq n precisa nem de justificativa kkkkkkkkkk"
Grêmio,Fut do BR,@FutdoBR,15 min,Gol do Grêmio Atlético Sampaio. Elmi #CopaNorte
Flamengo,promotora de injustiçaᶜʳᶠ,@englotcrf,15 min,"flamengo vai estrear o manto branco, tamo fodido..."
São Paulo,Rods,@rodsgamerbr,15 min,"Aqui em São Paulo eu já vi uns 3 nomes diferentes pra isso: Italianinho, enrolado de presunto e queijo e até bauru"
Flamengo,Ferreira com 3Rᶜʳᶠ,@Caio_cfl,15 min,"A única jogadora do vôlei que eu seguia acabou de postar se despedindo do Flamengo, tomar no cu"
Palmeiras,Alisson CRF,@AlissonCrf14,15 min,"Nunca foi, era um jogador comum, 
Os torcedores do palmeiras quando o Richard rios saiu:"
Palmeiras,Coyotão da depre,@CoyotesBRA,15 min,"Pessoal hoje não tô vendo os jogos pelo combo reunião de pais + jogo do Palmeiras, então vão me atualizando aqui

O que tá rolando de bom??"
Santos,©$©,@BrunoXBarcelos_,15 min,"Tem o Nhozinho Santos que é muito parecido com o PV, inclusive. Aqui pra lotar nós anos mais recentes eu so lembro na época que o Sampaio tava replicando finais de Série D e C. No mais a turma aqui prefere ver jogo de carioca e Paulista na TV, infelizmente"
Flamengo,Mr LaZanha,@MLazanha,15 min,"Filho da puta ao invés de se preocupar com o futuro do Brasil, se preocupa com q bosta do Flamengo pqp, QI de chimpanzé da porra"
Flamengo,mari ४,@jenniemengo,16 min,a shakira postando foto no aterro do flamengo e colocando a localizacao COPACABANA pqp kkkkkkkkkkkkkk
Flamengo,Neto.,@zzneto,16 min,"Mesmo assim é um time forte. Com esse calendário e essa sequência do Flamengo, me parece uma decisão acertada."
Corinthians,o santos me deu depressão,@PeixeSocial,16 min,"Santos FC: 112 vitórias
Corinthians: 107 vitórias

Oq pode mudar é amistoso, torneios inexistentes hj em dia etc… numeros n se apagam. Fora q nesse seculo 21…"
Flamengo,PAPAULOCRF,@papaulocrf,16 min,"TIME BOM E TEM TUDO PRA GANHAR, PRA CIMA DELES FLAMENGO BOA SORTE "
Vasco,SuperVasco l Notícias sobre o Vasco,@SuperVasco,16 min,Sub-20: Melhores momentos de Vasco 1 x 0 Botafogo
Fluminense,ge Atlético-MG,@ge_galo,16 min,"Fluminense e Hulk chegam a acordo em reunião, e empresária se reunirá com Atlético-MG para acertar rescisão"
Cruzeiro,Portal UAI,@portaluai,16 min,"Dupla do Cruzeiro celebra torcida na Libertadores: ‘Não é normal, né?’"
Vasco,#GAUBORATREINAR ✠¹⁸⁹⁸,@Lzn1NTC,16 min,Vendo esse vídeo morato com a camisa 10 kkk tem retardado q fala q o rojas e o pior 10 da história do Vasco kkkk plmds
Flamengo,davi,@GriecoDavi,16 min,Tu ama muito o Flamengo né
Vasco,bdol ✠,@ab0sta,16 min,De acordo com essa lógica- o Vasco tbm é tricolor
Corinthians,1910 SCCP,@1910bimundial,16 min,"MP não ta nem ai pro Corinthians, pq eles se importariam?"
Palmeiras,Onlyice,@AAice420,16 min,"Neymar contra palmeiras, isso pq as conexões q ele constrói na partida muitas n entram nas notas... Msm assim tem a melhor nota do jogo, sem ter feito o gol ou assist."
Santos,espírito sujismundo do underground,@santossexosteam,16 min,E 3 desses fudidos tão no meu santos
Vasco,͏ Ronnie,@ronnielf11,16 min,"Era só uma companhia pra pegar esse Vasco x imundos no domingo 

Ir sozinho eh maluquice"
São Paulo,fernaandep,@fernaandep,16 min,"Que saco, odeio morar em São Paulo. EU NEM SOU DAQUI"
Vasco,Ney Marshul,@NMarshul,16 min,"Teve muita gente reclamando que o Vasco não contratou Soteldo, que não contratou Ronny...
E por aí vai."
São Paulo,Embajada de España en Brasil/Embaixada da Espanha,@EmbEspBrasil,16 min,"A Embaixadora participou ontem, em São Paulo, do lançamento do “Reconhecimento Iniciativas que Impactam”, iniciativa da Câmara Espanhola que valoriza projetos com impacto social mensurável. Empresas espanholas reforçam seu compromisso com o desenvolvimento social no Brasil."
Botafogo,A.N.D,@Andrlui90137388,16 min,"Cheguei em um dos quiosques da Ragazzo e pedi coxinhas mistas,pois ao avisar que o pagamento seria no débito ,a menina informou que não aceitava cartão do Itaú na máquina e que tbm não teria troco para o valor em espécie.Como entender gente??
Isso em Botafogo hein!!"
São Paulo,Vitor Oliveira,@Vit0r_0liveir4,16 min,"O Bolsonarismo aqui no interior é muito coeso, pode prefeitos e literalmente até o Papa ficar contra o Tarcísio que ainda assim ele leva. A não ser que a Grande São Paulo faça algo fora da curva"
Flamengo,Gabriel Fernandes,@eigbfernandes,17 min,"Cara
Eu só descobri agora que o Vamos flamengo, vamos ser campeão, vamos flamengo 

É paródia da música

I love you baby

Mds"
Grêmio,Gremio Insalubre,@GremioInsalubre,17 min,preparados pra sangrar os olhos nesse bom jogo do Grêmio q se aproxima?
Corinthians,Diego Luz,@diegol10,17 min,"O Corinthians em campo várias vezes me deu tristeza, raiva e ódio. 

As pessoas que “comandam”, esse Corinthians que estamos vendo novamente hoje, me dá nojo, ânsia, pena.

E quem tem voz, bota medo, parece assinar embaixo, “fiscalizar” só pra passar impressões bonitinhas."
Flamengo,Luiz Jimi,@LuizMoraOficial,17 min,"Calma Pilhado, o Flamengo só as 9:30
Horas.
Somo Flávio "
Flamengo,raff,@raffbfr,17 min,"Entendo o medo do sintético, se lesiona também já era

mas po, ñ jogou contra o Flamengo (vice líder) ñ jogou contra o Bahia (G6)  n vai jogar contra o Palmeiras (líder)

O ""merecimento"" pra ser convocado também passa por desempenhar bem em grandes jogos, ele n tá nem jogando..."
Cruzeiro,Futebol Interior,@futebolinterior,17 min,Cruzeiro: jovem goleiro faz história e quebra recorde de Fábio
Flamengo,Italo Lima,@lima_italo35279,17 min,"Eu nasci para te amar meu Flamengo, vamos buscar esses 3 pontos hoje ."
Flamengo,Mansur bin Zayd,@Mansur_bin_Zayd,17 min,Rpz queria muito saber se fosse contra um Flamengo da vida.
Corinthians,Menina do olho marrom,@inarainaraiii,17 min,Continuo torcendo pq é  Corinthians e é uma das coisas que mais amo no mundo pq se dependesse dessas bombas que estão no parque São Jorge eu já tinha era largado faz tempo
Cruzeiro,Futebol Fora Do Eixo,@Footforadoeixo,17 min,"Cruzeiro sinaliza proposta de €6 milhões (R$35 milhões) ao Nottingham Forest por John.

O valor não agrada ao clube inglês, que deseja algo em torno de €10 milhões para negociar o goleiro. 

Via: Bruno Andrade (ESPN)"
Flamengo,smoke,@KaikeErnandes,17 min,Se cbf flamengo seria meno que o Goiás mais respeito irmão
Palmeiras,𐕣,@lucasrodrigsyrn,17 min,"ESTUPRADOR vai conversar com Neymar para tentar convencê-lo a jogar no gramado sintético do Allianz Parque neste sábado, contra o Palmeiras.

Via: 
@UOL
 Raul Barreta/SFC"
Flamengo,Luiza Sá,@luizasabg,17 min,Goleiros do Flamengo no aquecimento
Flamengo,ex rp do gabigol,@camybtriz,17 min,que o flamengo seja a parte boa do meu dia por favor senhor
Flamengo,rafa,@rrafax7,17 min,flamengo ainda nem jogou hoje e eu ja to ansioso pra saber de quanto nois vai ganhar domingo do vascao
Flamengo,N.Rosa,@_Nidia_R,17 min,Flamengoooo. 
Botafogo,Jornal O Dia,@jornalodia,17 min,"Botafogo supera crise nos bastidores e troca de técnico, e termina mês invicto 
odia.ig.com.br/esporte/botafo
… #ODia #Esporte"
Flamengo,phael,@phaelpereiraFla,17 min,"Manto 1 Branco Flamengo! 

V. Jogador: 
s.shopee.com.br/8fOoYUO0dn"
Corinthians,Kevin San,@sankevin_f14,17 min,Vendo boleta de oriental para el partido con corinthians. A precio de abono
Fluminense,George Óreo 1984,@CristoRacional2,17 min,Nunca! Só torcedor de mentalidade pequena ou de time pequeno pode pensar assim. No caso do torcedor do Fluminense nunca devemos apoiar a mediocridade por mais merda que esteja a condição do clube.
Botafogo,cool,@Atreticano1924,17 min,Cala boca velho o Botafogo tem um fodendo título brasileiro por causa de arbitragem e vc mete essa?
Palmeiras,Marcelo Coli,@marcelocoli,18 min,Palmeiras só pensa nele mesmo
Grêmio,Esporte+,@esportemaiss,18 min,"Palestino e Grêmio escalados para a terceira rodada da Sul-Americana.

 21h30
 ESPN 4 e Disney+"
Vasco,NETVASCO,@Netvasco,18 min,"Sub-20: Assista aos melhores momentos de Vasco 1 x 0 Botafogo, pelo Brasileiro"
Flamengo,Fernando Santos,@fernando_s52242,18 min,"E lá vem o Flamengo e suas mangas longas.
Show!
(poderia tanto ser versão jogador), mas é um começo!"
Flamengo,Paparazzo Rubro-Negro,@PapaRubroNegro,18 min,"Ao chegarem ao estádio Jorge Luis Hirschi, os jogadores do Flamengo realizaram o tradicional “reconhecimento” de campo.

Para a maioria, o momento trouxe à memória a classificação histórica para a semifinal da Libertadores conquistada ali em 2025… 

 
@adrianofontesft
 |"
Cruzeiro,cruzeirense doente,@Pedroh_njr,18 min,cruzeiro vai ter q contratar 20 seguranças e levar o wallace se quiser escalar o matheus pereira kkkkk
Grêmio,miguelito,@_omiguelito,18 min,"AO VIVO: #PALESTINO X #GRÊMIO | COPA SUL-AMERICANA 2026 | FUTEBOL GUAÍBA 
youtube.com/live/IeXTfAriT
… 
@GuaibaEsporte
 @rafapfeiffer
 @rafapfeiffer2
 
@dobrunooliveira
 
JP
@NicoWagner
 
@martinmoura_"
Flamengo,Mariana e Maiara Costa - Fla,@MarianaeMaiara,18 min,"AO VIVO!

Estudiantes x Flamengo | pré-jogo, narração e pós-jogo | Libertadores 2026 | 3ª rodada"
Santos,celebs br | world,@rebeldartht,18 min,Larissa Santos
Vasco,✠ CRVG em demasia ✠,@DonatelloMilagr,18 min,"@crvasco_br
 @VascodaGama
 gol e assistência do homem. CARGA NELE PRA COMPOR ELENCO. Corram atrás antes q o vitória ou o internacional contratem. PRECISAMOS de mais pontas de qualidade, especialmente na esquerda"
Cruzeiro,amigodowalace☭⃠¹⁹²¹,@julio_renner,18 min,"Se juntar os dois não da um cruzeiro 
E seu time jogou serie C"
São Paulo,Pablo,@pcmfarma,18 min,Cara nem chance tem. Perder msm de fato só foi aquele do São Paulo de resto só bola ruim. As que teve condições ou fez ou o goleiro salvou com a boa defesa como no jogo fora de casa na sul-americana. Ele é um vegetti. Se achar chance vai fazer os gols. Mas o time nem isso cria
Santos,Baillarina,@CoraCoral997061,18 min,"Os santos ilibados, honestíssimos"
Palmeiras,lavi,@lovesickirl,18 min,psg x bayern não é nada perto do que vai ser palmeiras x cerro porteño daqui a pouco
Palmeiras,TECGOL,@canaltecgol,18 min,"CERRO PORTEÑO x PALMEIRAS AO VIVO Libertadores 2026 3ª Rodada | Narração 
youtube.com/live/RAmP0EcSW
… #CCPxPAL"
Flamengo,math,@malyiciazx,18 min,ganha hoje flamengo plmds
Palmeiras,madoka_palmeirense.wav (sem twt),@Siilverdao,18 min,"fodase o palmeiras hoje, agora é copa do nordeste e copa verde"
São Paulo,Jéssy⁷,@jessjmvt,18 min,E dá-lhe mais decisões HORRÍVEIS do São Paulo F.C
Fluminense,Lance! Fluminense,@lance_flu,18 min,"Hulk encaminha rescisão com Atlético-MG e acordo com Fluminense 
lance.com.br/futebol-nacion
…"
Cruzeiro,Diego Henrique Alves,@DiegoHA_oficial,18 min,"A comissão técnica do Cruzeiro ficou 'assustada' com o clima da torcida no Mineirão, no duelo contra o Boca Juniors. Pessoas da comissão chegaram a afirmar que ""nunca viram nada igual"". 

Artur Jorge foi flagrado durante o hino nacional e ficou sorrindo vendo a torcida cantar,"
Flamengo,Ibson da Depressão,@ibsondepressao,18 min,"Flamengo vai jogar hoje, faz um vermelho aí."
Cruzeiro,Zé Padilha,@ZPadilha1,18 min,"Maiores nomes de MG? Maluco não entende nada de futebol mesmo, Cruzeiro com Tostão, Dirceu Lopes e Alex,  Atletico com Cerezo, Éder, Reinaldo e nego passando vergonha na internet."
Corinthians,Podre di Rico,@podrediRico,18 min,"@cacacatalao
 se afaste de vez dos gaviões, fiscalizadores mais omissos da história, tão preocupados com caravanas, carnaval e deixando de fazer protesto no estádio pedindo expulsão de quem lesou o Corinthians de pedir intervenção judicial o mínimo que eles deveriam fazer."
Palmeiras,ᶜʳᶠ GS. KAMIKAZE,@sasori0330,18 min,"no brasileiro temos no mino 6 pontos para batalhar com o palmeiras mais os 3 do jogo a menos. ganhar os 3 pontos hj e preticamente se classificar seria o mais importante, ai seria só se concentrar no BR"
Vasco,Isaa | VAI VER O EN-,@cortiscolic,18 min,"vasco vasco, faz vasco por favor"
Flamengo,Antônio Mendes,@prantoniomendes,19 min,Não tô acompanhando. Mas no flamengo foi dois anos quase que inúteis!
Corinthians,Janis on my mind,@Cristinelson69,19 min,"Prattes, charles e poatan. Infelizmente nossos dirigentes só querem saber de poder e roubalheira. Antigamente tínhamos o maior lutador de mma da história do país lutando com o escudo do Corinthians no calção"
Grêmio,Gabriel Colombo,@col30262,19 min,"É mto fácil jogar no Grêmio, time da folga"
Botafogo,André F.,@andbotafogo94,19 min,"Botafogo tem q ficar de olho no Alesson, pra um time de operários ano q vem.... Tá jogando bem no Mirassol."
Palmeiras,Freddy-Flamengo,@Fred107761,19 min,Bap preocupado com a saída do Palmeiras da Libra.
Flamengo, Helder Vendramini,@hlvprado,19 min,"Já vi torcedores de Flamengo e Vasco se matando na porta de São Januário, do Maracanã, entre outros. Torcida única não resolve nada, só aumenta a distância e contribui para mais atitudes assim."
Vasco,Dionysos,@KrKaiam,19 min,"[29/04, 20:43] Manu Lima: Agora so uma transa daquelas boa
[29/04, 20:44] comunista sem iPhone: Estou indo. Vou só chamar Uber aqui!
[29/04, 20:45] Manu Lima: Okk

Deus é bom. Ruim é o Vasco. Kkkkkkkkkkkk"
São Paulo,Sandroka13,@sandraselmasr,19 min,"Quando Tarcísio recusou livros didáticos do MEC e adotou livros digitais, ele impôs à São Paulo um retrocesso que a Finlândia já havia descoberto."
Santos,Pedro ˢᵉᵖ ⓟ,@sou_algm,19 min,"Eu respeito o Santos mesmo sendo meu maior saco de pancada e de td mundo, viúva do Pelé

E sim pior que assisto todos os jogos do Santos por causa do Neymar, e lembra, falou do Dudu mas o ídolo do seu time é o Robinho kkkkkk

N se pode cobrar mto do ney com um time medíocre desse"
Fluminense,Lucas Marques,@lucasmarques281,19 min,"A proposta de mesclar o time pro clássico até é válida, mas o Barba exagerou nas escolhas. Positivo só o retorno do Ivan Roman, que tinha sido deixado de lado após a falha contra o Fluminense. No mais, Igor Gomes reaparecendo não faz sentido, e a insistência em Scarpa, Dudu e"
Botafogo,Mah ★彡 “Eu acredito em Deus mas…”,@mahandfaves,19 min,Cris compra o Botafogo por favor 
Santos,Og_the_dog,@og_the_dog,19 min,"o time considerado bom, digo, é a seleção brasileira... pois os defensores dele dizem que ele é prejudicado pelo time ruim do Santos."
Flamengo,Marcos Viana,@M_TadeuViana,19 min,Ala direita do Flamengo está pavorosa ! Mas vamos na Fé !!
Flamengo,Mika,@mikaellyinaciol,19 min,"Se for fácil não é Flamengo viu  
Preparem aí os nossos testes pra cardíaco "
Flamengo,Cristiano Elias Costa,@Cristia31222277,19 min,"Acho que ele não quer deixar o Palmeiras desgarrar,
O Flamengo está bem na classificação da Libertadores, esse time tem condições de uma vitória ou até mesmo um empate o que não é um resultado ruim."
São Paulo,DaviesFla,@DaviesFla,19 min,Seria foda pro nosso São Paulo
Corinthians,Alexandre100fax,@Alexandre1910x,19 min,"Dentro do Corinthians só tem responsáveis ou coniventes para o clube ser oq é hj (quebrado, destruido).

Enquanto a torcida acredita e coelho na cartola, ele é bonzinho pq é velho, vão seguir sendo feito de bobo

Eleição nesse clube? Vai mudar de demonio para capeta. Nada bom"
Flamengo,Marcius Cardozo,@malcardozo,19 min,"Já vi palmeirense defendendo aqui q Danilo (Botafogo) vá para o corinthians, mas nao vá para o Flamengo, senao perde a idolatria… 
Não duvido que prefiram ficar subordibados às benesses ao corinthians do q ver o Flamengo ganhar um pouco mais por direito…"
Flamengo,Andre,@AndreTeles75249,19 min,"So a babacao do formiga com o flamengo, insuperável"
Flamengo,Pedro Henrique Pellegrino,@BranHenriPedro,19 min,"Flamengo é disso mesmo, mas eu tenho a ligeira impressão de que este ranço do mengão está mudando brother. Negócio tá melhorando a cada ano . Vamo "
Internacional,Régis Andrade,@regisandrade32,19 min,Uma análise recente de David Gross trouxe preocupação ao cenário internacional ao destacar que a continuidade da humanidade nas próximas décadas pode não estar garantida.
Corinthians,Rodrigo Marciel,@MarcielTimao1,19 min,Sombra pagando pau pro Corinthians
Vasco,thais,@thaiiszwolf,19 min,"time titular ou reserva do Vasco não quer dizer muito é praticamente a mesma merda, então tanto faz quem vai jogar amanhã. e outra, um time que não ganha nada tem milhares de anos jogar na vagabundagem na sula é uma vergonha"
Flamengo,Júlio César,@JulioCesarDois,19 min,65 mi de euros depois de ter gasto mais de 50 na primeira janela ainda é algo inviável pro Flamengo.
São Paulo,Leticia,@falalelers,19 min,"Vendo 3 ingressos pro show do BTS em São Paulo - BTS WORLD TOUR ARIRANG!!

 Ingresso Pista | Dia 30/10 SP

Vendo, Compro, Ingresso, 
@bts_bighit
, Sp"
Flamengo,oVitu,@0vitu_,19 min,Estupidamente igual o Flamengo ganha amais que os outros e os mané aceitam? Não kk
Vasco,thceltics,@gabrielare1as,19 min,"@beisalla
 esse cara foi presidente do Vasco"
Flamengo,E o Vagabundo ta lá...,@Raphael80482850,19 min,"É legal que vcs acham isso!?!? kkk, 

Isso foi uma vergonha pra vcs.. kk

Leila disse: que SAÍA da Liga e jogue sozinho.. e olha quem vai sair. 
.kkkkk kkkkkkk.

IRONIA DA VIDA..

FLAMENGO GIGANTE.

 - PARA O DESESPERO DOS DETRATORES E HIPÓCRITAS QUE NADA SABEM."
Flamengo,glória maria,@tristecru,19 min,sai na chuva pra ver o flamengo puta que pariu ganha essa porra
Vasco,Juliano AZV,@AzvJuliano,19 min,Tipo torcedor do Vasco.
Cruzeiro,Blog da Raposa,@BlogRaposa,19 min,"O discurso de Artur Jorge no vestiário antes da partida entre Cruzeiro e Boca. 

E escutem o BARULHO ALTÍSSIMO da torcida do Cabuloso ao fundo! 

 TV 
@Cruzeiro"
Fluminense,ge Atlético-MG,@ge_galo,19 min,Empresária de Hulk chega ao Rio para definir termos com Fluminense; Atlético-MG aguarda para rescisão
Fluminense,Jornal O Dia,@jornalodia,19 min,"Fluminense chega a acordo com Hulk e aguarda rescisão com Atlético-MG 
odia.ig.com.br/esporte/flumin
… #ODia #Esporte"
Santos,carol,@tuittacaroliine,20 min,"12. o príncipe de gelo - Gabby Santos
★☆☆☆☆"
São Paulo,𝐆𝐚𝐛𝐫𝐢𝐞𝐥𝐑𝐉𝟏𝟏𝟕,@GabrielRJ117,20 min,São Paulo.
Flamengo,Gibson,@GibsonGabriel20,20 min,"Flamengo ganha hj pessoal , relaxa"
Vasco,De Laurentis,@delaurentiis_br,20 min,Vai para o Vasco.
Fluminense,leonardo Brant,@brantjr,20 min,"Fluminense é o ""retiro dos artistas"" no âmbito do futebol."
Palmeiras,Rose,@Rosebright18,20 min,"Se tirar os gols do campeonato baiano, não sobra muita coisa. No brasileiro, o saldo do Palmeiras é 13, o do Bahia, 3, mesmo com 6 gols pros a mais."
Grêmio,Jardim,@hrqcj,20 min,"Daí quando o Renato mandava o auxiliar e o sub-20 pra jogar Libertadores tu aplaudia, né? Criador de crise do caramba, só sabe criticar. Grêmio precisa de menos “torcedor” que nem tu. Comédia!"
São Paulo,tudo passa,@CarinCarlos,20 min,"Mulher policial é muito pra frente, não é atoa a policialzinha lá em São Paulo matou a esposa de um cara."
Vasco,Babu do BBBOSTA,@Colibri36161035,20 min,"Eu tomei NOJO de 90% desse elenco. Jogadores como Léo Jardim, PH, Puma, Saldivia, Cuesta, RR, Píton, Cocão, Jair, Rojas, Lucas Freitas, JP, DVD, Hinestroza, Hugo Moura, 2 Tchê são um horríveis que só tem chance no Vasco. Um clube completamente FRACASSADO!!!"
Palmeiras,Tips_br,@TIPS_BR,20 min," Dupla Gabarito da  Liberta 

 To fechado na Dupla chance do Palmeiras e HA +2 do FLA, onde pode perder por até 1 gol de diferença.

 Odd. 1.65 | 1u

  Betano: 
bdeal.io/Betano/48818/1"
Grêmio,Victor Padilha,@victorpadilhas,20 min,Willian voltando e como capitão! É uma surpresa. Gosto que seja muito próximo da força máxima. Jogo que o Grêmio não pode negociar perder pontos.
Flamengo,Radio Destino FM 97.9,@radiodestino979,20 min," ¡ONCE CONFIRMADO! 

#EDLP  #Flamengo 
 #Libertadores"
São Paulo,bernie from the block,@bernardo_sc,20 min,se São Paulo é a cidade mais feliz então eu quero ser triste
Fluminense,'-',@GoldoGalo2,20 min,"Fluminense não é rival assim não cara, tá maluco kkkk"
Santos,João Bastos,@jbastinhos,20 min,"Vexame, por isso vou de Zema ou Renan Santos"
São Paulo,Jose Oliveira,@JoseOli25873009,20 min,"Os trens em São Paulo, são excelentes, é o meu meio de transporte diariamente, quanto a violência isso é no Brasil inteiro, e Tarcísio está fazendo mudanças estruturais em São Paulo nunca se viu tantas obras."
Vasco,PITBULL DO SAMBAᶜʳᶠ,@Alexsan69066839,20 min,"Vai torcer pro Vasco, seu maluco"
Internacional,Ana Paula,@shosanna_x,20 min,"A mãe da minha cunhada fez sua primeira viagem internacional quase aos sessenta anos, e ela é bem disposta, cheia de vida, e sempre aproveitou muito bem a vida, nunca é tarde pra ser feliz"
Fluminense,Ramon Borges,@oRamonBorges,20 min,"Tem que bater 13 jogos amigão , Hulk tá saindo com 12 jogos e vai poder jogar pelo Fluminense fora que passando de fase nas Copas pode fazer alterações de atletas então esse seu textinho cai por terra "
Palmeiras,FL4MEN9O TETRA,@Miguelpafe,20 min,Briga primeiro com palmeiras aí quem é o maior de SP
Grêmio,Allan,@Allantricampeao,20 min,O time foi pensado e escalado pra perder! Mas como o Grêmio é GIGANTESCO podemos não perder. Bora lá.
Santos,Laberinto,@Edu90Lic,21 min,Giovani dos Santos
Corinthians,Gols do dia,@GolsDoDiaSCCP,21 min,"@Corinthians
 4 x 2 Bandeirante De Birigui

 Carlos, Édson Boaro (Aílton), Mauro (Marco Antônio Paes), Edivaldo e Dida. Biro-Biro, Paulo César e Éverton Nogueira. Jorginho,  Índio e João Paulo. Técnico: Basílio

 2x Éverton Nogueira/2x Índio 

 29/04/1987 (Quarta-feira)"
Santos,Og_the_dog,@og_the_dog,21 min,"compeensível, mas é um jogo extremamente importante para o Neymar e, principalmente, para o Santos q esta na zona de rebaixados. Se for para dar 1 chance para ele na seleção, q seja no jogo contra o Panamá no Maracanã e vamos ver como ele se comporta com um time considerado bom."
Flamengo,pe.Dro,@chapeicrf,21 min,"flamengo 
fluminense 
palmeiras 
bahia 
G4

não jogou contra flamengo
contra o fluminense foi constrangedor 
não vai jogar contra o palmeiras 
contra o bahia nem foi 

neymar que ser convocado jogando a jungle league da sul-americana ?"
Corinthians,gugaaa,@SCCPguga_,21 min,"Eu vou viver e aproveitar o Corinthians o quanto antes. Na pegada que vai, com esse monte de ladrão lá dentro e cada dia, o corintiano tem mais um desgosto. O Corinthians não vai se manter muitos anos se continuar assim,é torcer ou fazer oq for preciso pra uma dar ou intervenção"
Internacional,@Ilsebwooky,·,,Dia internacional da dança e eu dancei pra KRLH
Palmeiras,Nathan,@NatanRi47663049,21 min,"Não é possível que o Palmeiras não aprendeu nada com as contratações erradas de Emi Martinez,Atuesta,Tabata,Facundo Torres...se tem dinheiro pra gastar vai logo em jogadores bons que venham pra resolver e não ficar gastando com esses bagres"
Botafogo,𝖗𝖆𝖋𝖆 𝖒𝖔𝖗𝖆𝖊𝖘,@rafamoraes29_,21 min,"Boca, Peñarol, Santos e Botafogo.

Os colossos de 60 com potencial pra serem os maiores da America

mas adivinha qual desses ai mais se fudeu? KKKKKKKKKKKKKKKKKKKKKKKKKKKKKKKKKKKKK"
Corinthians,Paulo Assunção,@passuncao,21 min,Corinthians é o mini Brasil...
Santos,Futebol Arte,@10futebolarte_,21 min,"+ brasileiro, Romário, Branco e Dunga marcaram, porém Márcio Santos desperdiçou. Entre os italianos, Albertini e Evani balançaram as redes, mas Baresi, Massaro e Roberto Baggio erraram suas penalidades, garantindo o quarto título da Seleção Brasileira."
Flamengo,Bruno Pet,@obrunopet,21 min,"E continua o revezamento da lateral-direita no Flamengo. Varela e Royal não foram titulares dois jogos seguidos nenhuma vez sob o comando de Leonardo Jardim. Qual a ideia por trás? Questão física? Adversário? E não, isso não é uma critica. É curiosidade genuína."
São Paulo,LEITELOVE,@LuizGui69,21 min,"Um jogador que acho a cara do São Paulo mas nunca vai vestir ela, se chama Dybala, não sei pq mas queria muito ele no São Paulo"
Santos,Cleberson Pereira,@ClebersonP,21 min,"Show do Milhão está de volta no Programa Silvio Santos com Patrícia Abravanel a partir desse domingo (03)
siteinfotv.blogspot.com/2026/04/show-d
…"
São Paulo,Afonso98,@cezarlopes98,21 min,"O centro industrial tecnológico de São Paulo, que por sua vez, é o centro industrial do país. É nessa economia que se quer escala 5x2? Complicado!"
Flamengo,luu,@swingdogusttavo,21 min,"Eu não tive coragem não, fui em mais de  2.5 gols, pelo um gol no primeiro tempo e pro Flamengo fazer 1.5 gol"
Vasco,Victor Martins de Azevedo,@VictorM12654677,21 min,Enfim um torcedor do Vasco consciente! Esperança é a palavra
Santos,Jorge A Wunderlich,@jawun1955,21 min," ALLAN DOS SANTOS COMEMORA: JORGE MESSIAS FOI REJEITADO PELO Senado! 
youtube.com/shorts/5x19_v_
… via 
@YouTube"
Fluminense,anairam still in tsom,@monchiatto_,21 min,o hulk vai jogar no fluminense omg eh o fim do atlético mineiro
Santos,Kay,@kay6ain,21 min,amo nosso hytalo santos
Corinthians,JOÃO CARLOS CÉSAR,@JOOCARLOSC69366,21 min,"Vai Corinthians, e viva o Brasil "
Fluminense,Lance! Fluminense,@lance_flu,22 min,"Bolívar x Fluminense: onde assistir, horário e escalações 
lance.com.br/onde-assistir/
…"
Flamengo,𝚅𝚒𝚌𝚝ó𝚛𝚒𝚊'𝚜 𝚑𝚘𝚞𝚜𝚎,@secrwtlovelarry,22 min,Simplesmente Shakira no aterro do flamengo
Palmeiras,Cléber Miranda,@minhagranacm,22 min,Palmeiras chato pá caraca. Pior que o Kiko bicho.
Flamengo,Arrasca Sincero,@ArrascaSincero_,22 min,Jogos contra Flamengo e Palmeiras que ia dar um upgrade pra ele ir pra Copa ele desfalca....
Palmeiras,Nosso Palestra,@onossopalestra,22 min,"O Palmeiras participa da Libertadores pela 26ª vez, sendo a 11ª consecutiva. Nas últimas oito edições da competição, o Verdão registrou a melhor campanha da fase de grupos seis vezes (recorde continental neste século), sendo três consecutivas, em 2018, 2019 e 2020."
Cruzeiro,ɐsoqɹɐ𐐒 snǝʇɐW,@Mateus_Barbosa,22 min,"Acho um LJ melhor gestor do futebol, mas o AJ me parece ter mais sede de vitória, de ser campeão e isso faz com que o time jogue pra buscar a vitória. Ainda não confio nesse time do Cruzeiro, mas cada dia mais confio no trabalho do AJ. Que consiga ganhar pelo menos um título."
Flamengo,"printf(“Se tiver que perguntar, jamais saberá.”)",@eimatheusgarcia,22 min,"Desgraça vai fazer isso pensando no Domingo, aí a gente vai mal amanhã e chega com o time quebrado pro fds contra o Flamengo. TNC! 
Já tô vendo a demissão dele a vista."
Cruzeiro,louco do Fiel,@P4ulOHenr1que,22 min,"Acho que se ele fizer lá na Bombonera oque fez no jogo de ontem, vai ter o apoio de muitos torcedores, não só os do cruzeiro, tá falando jogador de personalidade, mas o Fato dele não ser tão testado esse ano tudo bem o time não está bem, mas ano passado ele tava bem e não foi"
Santos,Caio A S Diogenes,@caiodiogeness,22 min,"Zema tá juntinho com o Flávio mn , Renan Santos é o único que bate de frente de verdade"
Corinthians,Mariqueira sofredora,@agloriousgoner,22 min,Vai Corinthians (na intenção de ser o amor da sua vida)
Flamengo,Lucas Gabriel,@lg_castello97,22 min,"Vivi para ver o Flamengo poupar grande parte dos seus principais jogadores para enfrentar o Estudiantes, na Argentina, em noite de Copa Libertadores. Novos tempos."
Cruzeiro,Matheus Henrique,@matheuss__1921,22 min,Kkklkkkkkkklkkk cuidado que eles vão mamar todos os torcedores do Cruzeiro em gente 
Corinthians,Rodrigo Marciel,@MarcielTimao1,22 min,"Corinthians já invadiu seu quintal 3 vezes lix000 da REDE GLOBO 
AGORA A MERDA TERCEIRIZADA NAO CONCEGUE FAZER ISSO AQUI EM SÃO PAULO KAKAKAKAKAK"
Flamengo,Rafael Marques Lib,@LibRafael812,22 min,"Flamengo o maior vice campeão de todos os tempos #ChatGPT 
@getv
 @CazeTVOficial
 @g1
 @lancenet
 Vamos começar bem o novo"
São Paulo,aud,@audittorbr,22 min,"Quando eu venho pra São Paulo me desligo quase 100% de rede social, bizarro.
O auge do low profile"
Santos,Marcos Araujo,@A73350867Araujo,22 min,Jaça  o cabeleireiro do Silvio Santos?
São Paulo,Luana,@Luanadly8,22 min,"Ela estava hospedada em um hotel na Mooca em São Paulo essa semana, eu estava no mesmo que ela. Nem olhei de medo dela encrencar comigo hehehe"
Corinthians,Gean,@TheGG123,22 min,"Tão procurando o coelho que o Stabile prometeu pra eles
$ão o$ fi$calizadore$ do Corinthians"
Botafogo,Guto Lage,@gutolage,22 min,"hahahahhahahahahahahahhahahahahaha siiim, o Brasil inteiro conhece seu time como um Botafogo q o Ronaldinho fez ganhar hahahahahhahahahahahhaha"
Flamengo,TECGOL,@canaltecgol,22 min,"ESTUDIANTES x FLAMENGO AO VIVO Libertadores 2026 3ª Rodada | Narração 
youtube.com/live/WZNbuUZZ4
… #ESTxFLA"
Palmeiras,Onlyice,@AAice420,22 min,"A desculpa já mudou? e agr vc vem com outra desculpa? kkkkkkkkkkkkk patético! Contra o palmeiras q ganhou o titulo de vcs ele tb foi o melhor em campo, e pq seu precioso arrascaeta n inflou as stats contra os mesmos times q neymar jogou? chora n esquerdista pobre"
Palmeiras,Cesar Moura,@Moura_Ces,22 min,"Uma coisa que eu falei a pouco. Ele é bom jogador. É o estilo que o Abel gosta, que é ser secretário do lateral direito. Recomposição é com ele mesmo, e depois chute de fora da área. Mas como eu disse, o Palmeiras é ruim de negócio, então é algo improvável contratar um europeu."
Flamengo,ʟɪᴘᴇ,@L1pGm_185,22 min,Jogo do ano. Atrás apenas de Corinthians 2 x 0 Flamengo.
Flamengo,Rogerio Suevo,@rogerio_suevo,22 min,"FODA-SE !!!
VAI JOGAR SOZINHA !
VAI JOGAR O CAMPEONATO DO PERU E APROVEITA E CHUPA !
UM CLUBE DUAS VEZES REBAIXADO QUE VIVE DO DINHEIRO DO INSS E QUER SE COMPARAR AO FLAMENGO EM PÚBLICO E AUDIÊNCIA ?
VTNC !!!"
Botafogo,Medeiros,@canaldomedeiros,22 min,"Tivemos uma consultoria que trouxe os números da SAF Botafogo com um patrimônio líquido negativo, ou seja, com o novo aporte de capital da GDA Luma, se for ela sozinha, ela herda os 90% da Eagle Bidco, que perde suas quotas.
Caso tenha mais sócios aportando com anuência do"
Flamengo,Celliot,@AbryElliot,22 min,"Ei, devo apostar na vitória do Flamengo ou é muito arriscado?"
São Paulo,Nathalia Spade,@l_beautiful1,22 min,Praia Grande São Paulo beach!
Flamengo,ᶜʳᶠ 𓅐,@oilucassdias,22 min,"Eurico de saia. KKKKKKKKK
BAP pode ter seus defeitos, mas quando se trata do clube de regatas do flamengo ele não entra em guerra pra perder!
cadeia alimentar do futebol brasileiro, o maior precisa comer mais que os outros!"
Flamengo,lzcs – artist,@afxterchaos,22 min,"Não é rival nem do Flamengo, quanto mais do Palmeiras kkkkkkkk"
Vasco,F,@lufesaant,22 min,Quero que Vasco Santos e atlético mg entra um por dentro do outro e vtnc
Santos,Walcir Veronese,@WalcirVeronese,22 min,"Que pergunta mais sem noção...
Lógico que foi Silvio Santos"
São Paulo,Loadout Vascaíno,@Blocao27272,22 min,"Bonito é o América do Rio e os mais feios são os escudos Cuecas, tipo do são Paulo e Fortaleza"
São Paulo,Jessica Bueno,@Jessybuenoflor,22 min,Eu moro em são Paulo e amo mas aposto q isso não foi feito por um nascidos em são Paulo capital kkkk
Palmeiras,Maike ˢᵉᵖ ⓟ,@maikesep,22 min,"e vagabundo ta lá: ""será que o Paulinho vai estrear esse ano pelo Palmeiras?"""
Botafogo,Kim,@KimberlyCa1990,22 min,apostar no botafogo é teste pra cardíaco pqp kkkkk fui de ambas marcam lá na 1win e o gol saiu nos acréscimos. quase fui de arrasta pra cima mas o ganho veio
Internacional,Gio VAI VER O BTS,@BrambGi0,22 min,Meu avisa q agr a ikooquito é internacional
São Paulo,Fla vibes,@flavibes1895,22 min,"Vocês não são a maior audiência nem em São Paulo, imagina no Brasil todo"
Internacional,mimi,@hhmjiduck,22 min,feliz dia internacional da dança Saudades de dançar
São Paulo,Caio Duarte,@Caio_D_Arte,22 min,Eu ia falar que ela gravou o vídeo em São Paulo mas o chuveiro tá com água.
Santos,Menso,@mensodev,23 min,Renan Santos é inevitável e o futuro é glorioso.
Flamengo,Alan Roque TETRACAMPEÃO,@Alan_roquee,23 min,Modelo torcedor essas camisas! Da pra ver pelo brasão do flamengo
Botafogo,Skitzo ★,@skitzobfr,23 min,"O Boca é tudo que o Botafogo era pra ser durante anos antigamente, ele junto do Santos era ser um dos mais condecorados do país 

Mas infelizmente tem coisas que só acontecem com a gente."
Santos,@KyriosMartyr,·,,"dois mil anos de cristianismo rezando para anjos e santos vivos em Cristo mas não, certo deve tá o Paxtô Júniô da Igreja Pentecostal Nações de Cristo (ou Igreja PNC, como seus seguidores jovens chamam)"
Botafogo,VARELISTA,@CarboneDamian,23 min,botafogo mira...
Palmeiras,luiz,@luiz51678528290,23 min,Uma vergonha não temos um banco a altura de um time de futebol Palmeiras pensa alto mas seus dirigentes conta com a sorte
Corinthians,Marcus Vinícius,@mvlr02,23 min,"beira rio, arena gremio, arena corinthians, arena mrv, arena independencia, arena fonte nova, arena da baixda, todos esses e vários outros n tem cadeiras, mas só aqui inventam todo tipo de desculpa kkk"
Vasco,@nothin6nowhere,·,,se o presidente do clube que eu aprendi a amar desde que me entendo como gente tivesse 10% desse culhão o vasco seria potência sulamericana
Flamengo,LizaGarro,@GarroLiza4418,23 min,"Queridos, lutem e lutem


Flamengo eu te amo muito"
Flamengo,Rafael ᶜʳᶠ,@_FaelOlv,23 min,"Seus rótulos perderam todo sentido no exato momento que não soube diferenciar uma simples zoeira com a palavra ""fluminense e Flamengo"" envolvendo o estado do RJ 

Sei MT bem e n preciso te provar porra nenhuma aqui, já você dps dessa..."
Flamengo,Vitinhaaaaa,@aiVitinha,23 min,"Cara se jogou forte, aqui no brasil so marcam pro palmeiras e flamengo"
Cruzeiro,faints,@faintslol,23 min,Trabalho em navio de cruzeiro e sempre rola essa festa (as vezes com 3 djs ao mesmo tempo que tocam gêneros diferentes) e a gente fica achando graça do povo se esgoelando
Santos,Francisco,@FEV1986,23 min,"Pior que é né, duvido que ele volte contra o Santos."
Palmeiras,Gabriel David,@privgabb7,23 min,Os cara achando que vai ganhar a libertadores de novo KKKKKKKKKKKKK vcs não é o palmeiras pra embalar duas seguidas que nem a gente fez em 2020 e 2021 não mano KKKKKK vcs não conseguem
Corinthians,Rodolfo Gomes,@Rodoxgomes92,23 min,"Destaque e foco! 

Preparação encerrada para a 3ª rodada da 
@CONMEBOL
  @LibertadoresBR
  na #CasaDoPovo! 

Fala, 
@Hugo99_
  ! 

Como tem sido feito nas últimas temporadas, nos jogos em casa o 
@Corinthians
  não divulga relacionados."
São Paulo,Notícias RedeTV,@NoticiasRedetv,23 min,"Coronel Glauce toma posse como primeira mulher no comando da Polícia Militar de São Paulo

- “O enfrentamento à violência doméstica será prioridade”, afirmou a oficial durante a cerimônia de posse

#glauceAnselmoCavalli #policiamilitar #politica"
Cruzeiro,Turko,@TurkoSCCP,23 min,"Sim, abandonem o associativo, parem de fingir q isso tem solução, deturparam completamente o fim social, usam o clube pra ladroagem, não tem estatuto que dê jeito.
Não. Pra mudar de modelo, basta, tal como o cruzeiro fez, aprovar a alteração do estatuto na própria votação da SAF."
Flamengo,Flaco Spinetta,@luisspinetta4,23 min,"Vagabundo não joga contra o Flamengo, não joga contra o Palmeiras, não joga contra o Cruzeiro... mas acha que vai ser convocado porque o Rica Perrone pediu. kkkk"
Corinthians,Guilherme Vicente,@guipavicente,23 min,"Infelizmente do portão pra dentro o Corinthians é o menor dos 20 times da Série A

Velharada do Parkinson Jorge é minúscula demais, parece panela de clube de campo do interior"
Vasco,analisavasco,@AnalisaCRVG,23 min,"Zuccarello, Samuel e Avellar devem ser relacionados para a partida contra o Olímpia nesta quinta (30).

O Vasco deve contar com os crias da colina para a 3 rodada da sul-americana contra o Olímpia, que devem iniciar no banco de reservas.

O clube deve ir com uma escalação"
Flamengo,Rogério Guerra,@Uliguerrahotma1,23 min,"Noite promete Royal de titular pqp 
@Flamengo"
Palmeiras,João Marcos Brum,@jmb288,23 min,Se bobear deve ser os bagre do Palmeiras 
Grêmio,É DIEGO MÜLLER ®,@_DiegoMuller,23 min,Somente o Grêmio FBPA é capaz de perder para esses caras
São Paulo,V i c t o r,@vit0rug0_,23 min,"Olha, metade do seu argumento tava certo sobre a capital de São Paulo. Mas se levar pra nível estadual, você só disse asneiras novamente."
Vasco,Beto Song,@beto_song_vip,23 min,Vasco é igual o Botafogo. Teve uma época boa de 97 a 2000 e depois morreu.
